[
  {
    "id": 0,
    "name": "Issah Abass",
    "dob": "26.09.1998",
    "height": "173 cm",
    "position": "Attacker",
    "quality": 56
  },
  {
    "id": 1,
    "name": "Dirk Abels",
    "dob": "13.06.1997",
    "height": "181 cm",
    "position": "Defender",
    "quality": 50
  },
  {
    "id": 2,
    "name": "Zakaria Aboukhlal",
    "dob": "18.02.2000",
    "height": "179 cm",
    "position": "Attacker",
    "quality": 29
  },
  {
    "id": 3,
    "name": "Giorgi Aburjania",
    "dob": "02.01.1995",
    "height": "186 cm",
    "position": "Midfield",
    "quality": 37
  },
  {
    "id": 4,
    "name": "Ragnar Ache",
    "dob": "28.07.1998",
    "height": "182 cm",
    "position": "Attacker",
    "quality": 49
  },
  {
    "id": 5,
    "name": "Luka Adžić",
    "dob": "17.09.1998",
    "height": "184 cm",
    "position": "Attacker",
    "quality": 81
  },
  {
    "id": 6,
    "name": "Ibrahim Afellay",
    "dob": "02.04.1986",
    "height": "180 cm",
    "position": "Midfield",
    "quality": 55
  },
  {
    "id": 7,
    "name": " Aitor",
    "dob": "10.02.1996",
    "height": "177 cm",
    "position": "Attacker",
    "quality": 20
  },
  {
    "id": 8,
    "name": "Özgür Aktaş",
    "dob": "27.01.1997",
    "height": "190 cm",
    "position": "Defender",
    "quality": 30
  },
  {
    "id": 9,
    "name": "Hamdi Akujobi",
    "dob": "20.01.2000",
    "height": "175 cm",
    "position": "Midfield",
    "quality": 6
  },
  {
    "id": 10,
    "name": "Rami Al Hajj",
    "dob": "17.09.2001",
    "height": "180 cm",
    "position": "Midfield",
    "quality": 85
  },
  {
    "id": 11,
    "name": "Suently Alberto",
    "dob": "09.06.1996",
    "height": "190 cm",
    "position": "Defender",
    "quality": 40
  },
  {
    "id": 12,
    "name": " Álex Carbonell",
    "dob": "15.09.1997",
    "height": "182 cm",
    "position": "Midfield",
    "quality": 2
  },
  {
    "id": 13,
    "name": "Edson Álvarez",
    "dob": "24.10.1997",
    "height": "187 cm",
    "position": "Defender",
    "quality": 15
  },
  {
    "id": 14,
    "name": "Grégoire Amiot",
    "dob": "10.05.1995",
    "height": "187 cm",
    "position": "Defender",
    "quality": 18
  },
  {
    "id": 15,
    "name": "Mohamed Amissi",
    "dob": "03.08.2000",
    "height": "173 cm",
    "position": "Attacker",
    "quality": 8
  },
  {
    "id": 16,
    "name": "Martin Angha",
    "dob": "22.01.1994",
    "height": "188 cm",
    "position": "Defender",
    "quality": 91
  },
  {
    "id": 17,
    "name": "Marko Antunić",
    "dob": "21.06.2000",
    "height": "???",
    "position": "Goalkeeper",
    "quality": 78
  },
  {
    "id": 18,
    "name": "Miguel Araujo",
    "dob": "24.10.1994",
    "height": "180 cm",
    "position": "Defender",
    "quality": 42
  },
  {
    "id": 19,
    "name": "Jafar Arias",
    "dob": "16.06.1995",
    "height": "191 cm",
    "position": "Attacker",
    "quality": 40
  },
  {
    "id": 20,
    "name": "Jonas Arweiler",
    "dob": "10.04.1997",
    "height": "188 cm",
    "position": "Attacker",
    "quality": 39
  },
  {
    "id": 21,
    "name": "Joel Asoro",
    "dob": "27.04.1999",
    "height": "175 cm",
    "position": "Attacker",
    "quality": 68
  },
  {
    "id": 22,
    "name": "Adil Auassar",
    "dob": "06.10.1986",
    "height": "186 cm",
    "position": "Midfield",
    "quality": 66
  },
  {
    "id": 23,
    "name": "Sebbe Augustijns",
    "dob": "03.09.1999",
    "height": "179 cm",
    "position": "Midfield",
    "quality": 26
  },
  {
    "id": 24,
    "name": "Marouan Azarkan",
    "dob": "08.12.2001",
    "height": "???",
    "position": "Attacker",
    "quality": 16
  },
  {
    "id": 25,
    "name": "Ryan Babel",
    "dob": "19.12.1986",
    "height": "185 cm",
    "position": "Attacker",
    "quality": 57
  },
  {
    "id": 26,
    "name": "Nikolai Baden Frederiksen",
    "dob": "18.05.2000",
    "height": "179 cm",
    "position": "Attacker",
    "quality": 10
  },
  {
    "id": 27,
    "name": "Jean-Christophe Bahebeck",
    "dob": "01.05.1993",
    "height": "182 cm",
    "position": "Attacker",
    "quality": 0
  },
  {
    "id": 28,
    "name": "Destan Bajselmani",
    "dob": "13.05.1999",
    "height": "178 cm",
    "position": "Defender",
    "quality": 8
  },
  {
    "id": 29,
    "name": "Saïd Bakari",
    "dob": "22.09.1994",
    "height": "178 cm",
    "position": "Defender",
    "quality": 52
  },
  {
    "id": 30,
    "name": "Navajo Bakboord",
    "dob": "29.01.1999",
    "height": "177 cm",
    "position": "Defender",
    "quality": 45
  },
  {
    "id": 31,
    "name": "Danny Bakker",
    "dob": "16.01.1995",
    "height": "181 cm",
    "position": "Midfield",
    "quality": 98
  },
  {
    "id": 32,
    "name": "Mees Bakker",
    "dob": "11.03.2001",
    "height": "187 cm",
    "position": "Goalkeeper",
    "quality": 19
  },
  {
    "id": 33,
    "name": "Nick Bakker",
    "dob": "21.07.1992",
    "height": "189 cm",
    "position": "Defender",
    "quality": 25
  },
  {
    "id": 34,
    "name": "Remco Balk",
    "dob": "02.03.2001",
    "height": "173 cm",
    "position": "Attacker",
    "quality": 87
  },
  {
    "id": 35,
    "name": "Tudor Băluţă",
    "dob": "27.03.1999",
    "height": "191 cm",
    "position": "Midfield",
    "quality": 0
  },
  {
    "id": 36,
    "name": "Naoufal Bannis",
    "dob": "11.03.2002",
    "height": "184 cm",
    "position": "Attacker",
    "quality": 71
  },
  {
    "id": 37,
    "name": "Aaron Bastiaans",
    "dob": "04.04.2002",
    "height": "184 cm",
    "position": "Midfield",
    "quality": 35
  },
  {
    "id": 38,
    "name": "Timo Baumgartl",
    "dob": "04.03.1996",
    "height": "190 cm",
    "position": "Defender",
    "quality": 7
  },
  {
    "id": 39,
    "name": "Bilal Bayazıt",
    "dob": "08.04.1999",
    "height": "185 cm",
    "position": "Goalkeeper",
    "quality": 23
  },
  {
    "id": 40,
    "name": "Riechedly Bazoer",
    "dob": "12.10.1996",
    "height": "184 cm",
    "position": "Midfield",
    "quality": 66
  },
  {
    "id": 41,
    "name": "Filip Bednarek",
    "dob": "26.09.1992",
    "height": "188 cm",
    "position": "Goalkeeper",
    "quality": 53
  },
  {
    "id": 42,
    "name": "Roy Beerens",
    "dob": "22.12.1987",
    "height": "173 cm",
    "position": "Attacker",
    "quality": 56
  },
  {
    "id": 43,
    "name": "Hilal Ben Moussa",
    "dob": "22.05.1992",
    "height": "180 cm",
    "position": "Midfield",
    "quality": 92
  },
  {
    "id": 44,
    "name": "Emil Berggreen",
    "dob": "10.05.1993",
    "height": "194 cm",
    "position": "Attacker",
    "quality": 67
  },
  {
    "id": 45,
    "name": "Steven Berghuis",
    "dob": "19.12.1991",
    "height": "182 cm",
    "position": "Attacker",
    "quality": 79
  },
  {
    "id": 46,
    "name": "Matúš Bero",
    "dob": "06.09.1995",
    "height": "181 cm",
    "position": "Midfield",
    "quality": 49
  },
  {
    "id": 47,
    "name": "Jan-Niklas Beste",
    "dob": "04.01.1999",
    "height": "174 cm",
    "position": "Defender",
    "quality": 63
  },
  {
    "id": 48,
    "name": "Tom Beugelsdijk",
    "dob": "07.08.1990",
    "height": "192 cm",
    "position": "Defender",
    "quality": 28
  },
  {
    "id": 49,
    "name": "Peet Bijen",
    "dob": "28.01.1995",
    "height": "189 cm",
    "position": "Defender",
    "quality": 73
  },
  {
    "id": 0,
    "name": "Glenn Bijl",
    "dob": "13.07.1995",
    "height": "180 cm",
    "position": "Defender",
    "quality": 84
  },
  {
    "id": 1,
    "name": "Teun Bijleveld",
    "dob": "27.05.1998",
    "height": "176 cm",
    "position": "Midfield",
    "quality": 3
  },
  {
    "id": 2,
    "name": "Justin Bijlow",
    "dob": "22.01.1998",
    "height": "188 cm",
    "position": "Goalkeeper",
    "quality": 99
  },
  {
    "id": 3,
    "name": "Mario Bilate",
    "dob": "16.07.1991",
    "height": "190 cm",
    "position": "Attacker",
    "quality": 92
  },
  {
    "id": 4,
    "name": "Marco Bizot",
    "dob": "10.03.1991",
    "height": "194 cm",
    "position": "Goalkeeper",
    "quality": 56
  },
  {
    "id": 5,
    "name": "Aleksandar Bjelica",
    "dob": "07.01.1994",
    "height": "187 cm",
    "position": "Defender",
    "quality": 66
  },
  {
    "id": 6,
    "name": "Janis Blaswich",
    "dob": "02.05.1991",
    "height": "193 cm",
    "position": "Goalkeeper",
    "quality": 96
  },
  {
    "id": 7,
    "name": "Daley Blind",
    "dob": "09.03.1990",
    "height": "180 cm",
    "position": "Defender",
    "quality": 47
  },
  {
    "id": 8,
    "name": "Myron Boadu",
    "dob": "14.01.2001",
    "height": "181 cm",
    "position": "Attacker",
    "quality": 67
  },
  {
    "id": 9,
    "name": "Omar Bogle",
    "dob": "26.07.1992",
    "height": "187 cm",
    "position": "Attacker",
    "quality": 89
  },
  {
    "id": 10,
    "name": "Henk Bos",
    "dob": "12.11.1992",
    "height": "172 cm",
    "position": "Midfield",
    "quality": 53
  },
  {
    "id": 11,
    "name": "Olivier Boscagli",
    "dob": "18.11.1997",
    "height": "181 cm",
    "position": "Defender",
    "quality": 88
  },
  {
    "id": 12,
    "name": "Jesse Bosch",
    "dob": "01.02.2000",
    "height": "176 cm",
    "position": "Midfield",
    "quality": 20
  },
  {
    "id": 13,
    "name": "Levy Bosch",
    "dob": "16.04.2001",
    "height": "???",
    "position": "Goalkeeper",
    "quality": 89
  },
  {
    "id": 14,
    "name": "Sven Botman",
    "dob": "12.01.2000",
    "height": "193 cm",
    "position": "Defender",
    "quality": 7
  },
  {
    "id": 15,
    "name": "Yahya Boussakou",
    "dob": "04.03.2000",
    "height": "175 cm",
    "position": "Attacker",
    "quality": 22
  },
  {
    "id": 16,
    "name": "Róbert Boženík",
    "dob": "18.11.1999",
    "height": "188 cm",
    "position": "Attacker",
    "quality": 61
  },
  {
    "id": 17,
    "name": "Wout Brama",
    "dob": "21.08.1986",
    "height": "176 cm",
    "position": "Midfield",
    "quality": 58
  },
  {
    "id": 18,
    "name": "Joshua Brenet",
    "dob": "20.03.1994",
    "height": "181 cm",
    "position": "Defender",
    "quality": 50
  },
  {
    "id": 19,
    "name": "Bas Breukers",
    "dob": "25.07.2002",
    "height": "???",
    "position": "Attacker",
    "quality": 17
  },
  {
    "id": 20,
    "name": "Bo Breukers",
    "dob": "20.05.1999",
    "height": "178 cm",
    "position": "Midfield",
    "quality": 68
  },
  {
    "id": 21,
    "name": "Tim Breukers",
    "dob": "04.11.1987",
    "height": "182 cm",
    "position": "Defender",
    "quality": 36
  },
  {
    "id": 22,
    "name": "Jorn Brondeel",
    "dob": "07.09.1993",
    "height": "186 cm",
    "position": "Goalkeeper",
    "quality": 8
  },
  {
    "id": 23,
    "name": "Michael Brouwer",
    "dob": "21.01.1993",
    "height": "190 cm",
    "position": "Goalkeeper",
    "quality": 71
  },
  {
    "id": 24,
    "name": "Lukas Browning Lagerfeldt",
    "dob": "06.01.1999",
    "height": "???",
    "position": "Defender",
    "quality": 10
  },
  {
    "id": 25,
    "name": "Jordy Bruijn",
    "dob": "23.07.1997",
    "height": "171 cm",
    "position": "Midfield",
    "quality": 46
  },
  {
    "id": 26,
    "name": " Bruma",
    "dob": "24.10.1994",
    "height": "173 cm",
    "position": "Attacker",
    "quality": 86
  },
  {
    "id": 27,
    "name": " Bruno Varela",
    "dob": "04.11.1994",
    "height": "191 cm",
    "position": "Goalkeeper",
    "quality": 71
  },
  {
    "id": 28,
    "name": "Thomas Bruns",
    "dob": "07.01.1992",
    "height": "177 cm",
    "position": "Midfield",
    "quality": 14
  },
  {
    "id": 29,
    "name": "Koen Bucker",
    "dob": "18.06.1996",
    "height": "198 cm",
    "position": "Goalkeeper",
    "quality": 2
  },
  {
    "id": 30,
    "name": "Thomas Buitink",
    "dob": "14.01.2000",
    "height": "174 cm",
    "position": "Attacker",
    "quality": 96
  },
  {
    "id": 31,
    "name": "Wouter Burger",
    "dob": "16.02.2001",
    "height": "190 cm",
    "position": "Midfield",
    "quality": 87
  },
  {
    "id": 32,
    "name": "Delano Burgzorg",
    "dob": "07.11.1998",
    "height": "186 cm",
    "position": "Attacker",
    "quality": 41
  },
  {
    "id": 33,
    "name": "Lorenzo Burnet",
    "dob": "11.01.1991",
    "height": "169 cm",
    "position": "Defender",
    "quality": 3
  },
  {
    "id": 34,
    "name": "Daniël Camara Bos",
    "dob": "24.05.1999",
    "height": "174 cm",
    "position": "Defender",
    "quality": 55
  },
  {
    "id": 35,
    "name": "Görkem Can",
    "dob": "04.05.2000",
    "height": "189 cm",
    "position": "Defender",
    "quality": 79
  },
  {
    "id": 36,
    "name": "Gabi Caschili",
    "dob": "14.07.2003",
    "height": "???",
    "position": "Midfield",
    "quality": 99
  },
  {
    "id": 37,
    "name": "Amar Ćatić",
    "dob": "21.01.1999",
    "height": "178 cm",
    "position": "Attacker",
    "quality": 61
  },
  {
    "id": 38,
    "name": "Lee Cattermole",
    "dob": "21.03.1988",
    "height": "178 cm",
    "position": "Midfield",
    "quality": 34
  },
  {
    "id": 39,
    "name": "Vaclav Černý",
    "dob": "17.10.1997",
    "height": "182 cm",
    "position": "Attacker",
    "quality": 73
  },
  {
    "id": 40,
    "name": "Michael Chacón",
    "dob": "11.04.1994",
    "height": "175 cm",
    "position": "Midfield",
    "quality": 27
  },
  {
    "id": 41,
    "name": "Jeremy Cijntje",
    "dob": "08.01.1998",
    "height": "183 cm",
    "position": "Attacker",
    "quality": 59
  },
  {
    "id": 42,
    "name": "Amadou Ciss",
    "dob": "07.09.1999",
    "height": "186 cm",
    "position": "Midfield",
    "quality": 84
  },
  {
    "id": 43,
    "name": "Max Clark",
    "dob": "19.01.1996",
    "height": "180 cm",
    "position": "Defender",
    "quality": 82
  },
  {
    "id": 44,
    "name": "Jordy Clasie",
    "dob": "27.06.1991",
    "height": "169 cm",
    "position": "Midfield",
    "quality": 51
  },
  {
    "id": 45,
    "name": "Pelle Clement",
    "dob": "19.05.1996",
    "height": "177 cm",
    "position": "Midfield",
    "quality": 70
  },
  {
    "id": 46,
    "name": "Tim Coremans",
    "dob": "10.04.1991",
    "height": "186 cm",
    "position": "Goalkeeper",
    "quality": 91
  },
  {
    "id": 47,
    "name": "George Cox",
    "dob": "14.01.1998",
    "height": "171 cm",
    "position": "Defender",
    "quality": 66
  },
  {
    "id": 48,
    "name": "Jens Craenmehr",
    "dob": "30.04.2002",
    "height": "???",
    "position": "Goalkeeper",
    "quality": 95
  },
  {
    "id": 49,
    "name": "Gabriël Çulhacı",
    "dob": "20.12.1999",
    "height": "180 cm",
    "position": "Defender",
    "quality": 44
  },
  {
    "id": 0,
    "name": "Pontus Dahlberg",
    "dob": "21.01.1999",
    "height": "194 cm",
    "position": "Goalkeeper",
    "quality": 54
  },
  {
    "id": 1,
    "name": "Thijs Dallinga",
    "dob": "03.08.2000",
    "height": "180 cm",
    "position": "Attacker",
    "quality": 92
  },
  {
    "id": 2,
    "name": " Dalmau",
    "dob": "27.03.1994",
    "height": "182 cm",
    "position": "Attacker",
    "quality": 38
  },
  {
    "id": 3,
    "name": "Vitalie Damaşcan",
    "dob": "24.01.1999",
    "height": "180 cm",
    "position": "Attacker",
    "quality": 11
  },
  {
    "id": 4,
    "name": "Wessel Dammers",
    "dob": "01.03.1995",
    "height": "185 cm",
    "position": "Defender",
    "quality": 4
  },
  {
    "id": 5,
    "name": "Lennerd Daneels",
    "dob": "10.04.1998",
    "height": "172 cm",
    "position": "Attacker",
    "quality": 38
  },
  {
    "id": 6,
    "name": " Danilo",
    "dob": "07.04.1999",
    "height": "174 cm",
    "position": "Attacker",
    "quality": 33
  },
  {
    "id": 7,
    "name": "Damil Dankerlui",
    "dob": "24.08.1996",
    "height": "172 cm",
    "position": "Defender",
    "quality": 27
  },
  {
    "id": 8,
    "name": "Oussama Darfalou",
    "dob": "29.09.1993",
    "height": "187 cm",
    "position": "Attacker",
    "quality": 25
  },
  {
    "id": 9,
    "name": "Eli Dasa",
    "dob": "03.12.1992",
    "height": "178 cm",
    "position": "Defender",
    "quality": 95
  },
  {
    "id": 10,
    "name": "Tijn Daverveld",
    "dob": "29.04.2000",
    "height": "178 cm",
    "position": "Defender",
    "quality": 25
  },
  {
    "id": 11,
    "name": " David Neres",
    "dob": "03.03.1997",
    "height": "175 cm",
    "position": "Attacker",
    "quality": 55
  },
  {
    "id": 12,
    "name": "Laurens De Bock",
    "dob": "07.11.1992",
    "height": "179 cm",
    "position": "Defender",
    "quality": 47
  },
  {
    "id": 13,
    "name": "Jan de Boer",
    "dob": "20.05.2000",
    "height": "199 cm",
    "position": "Goalkeeper",
    "quality": 37
  },
  {
    "id": 14,
    "name": "Rody de Boer",
    "dob": "22.08.1997",
    "height": "189 cm",
    "position": "Goalkeeper",
    "quality": 0
  },
  {
    "id": 15,
    "name": "Fabian de Keijzer",
    "dob": "10.05.2000",
    "height": "193 cm",
    "position": "Goalkeeper",
    "quality": 61
  },
  {
    "id": 16,
    "name": "Jeffrey de Lange",
    "dob": "01.04.1998",
    "height": "190 cm",
    "position": "Goalkeeper",
    "quality": 43
  },
  {
    "id": 17,
    "name": "Michael de Leeuw",
    "dob": "07.10.1986",
    "height": "178 cm",
    "position": "Midfield",
    "quality": 24
  },
  {
    "id": 18,
    "name": "Robbert de Vos",
    "dob": "26.05.1996",
    "height": "183 cm",
    "position": "Midfield",
    "quality": 87
  },
  {
    "id": 19,
    "name": "Dani de Wit",
    "dob": "28.01.1998",
    "height": "184 cm",
    "position": "Midfield",
    "quality": 89
  },
  {
    "id": 20,
    "name": "Rick Dekker",
    "dob": "15.03.1995",
    "height": "173 cm",
    "position": "Midfield",
    "quality": 21
  },
  {
    "id": 21,
    "name": "Tristan Dekker",
    "dob": "27.03.1998",
    "height": "184 cm",
    "position": "Defender",
    "quality": 13
  },
  {
    "id": 22,
    "name": "Anthony Dekono",
    "dob": "07.10.2000",
    "height": "???",
    "position": "Defender",
    "quality": 30
  },
  {
    "id": 23,
    "name": "Filip Delaveris",
    "dob": "10.12.2000",
    "height": "180 cm",
    "position": "Attacker",
    "quality": 65
  },
  {
    "id": 24,
    "name": "Hannes Delcroix",
    "dob": "28.02.1999",
    "height": "185 cm",
    "position": "Defender",
    "quality": 96
  },
  {
    "id": 25,
    "name": "Cyriel Dessers",
    "dob": "08.12.1994",
    "height": "184 cm",
    "position": "Attacker",
    "quality": 79
  },
  {
    "id": 26,
    "name": "Sergiño Dest",
    "dob": "03.11.2000",
    "height": "175 cm",
    "position": "Defender",
    "quality": 7
  },
  {
    "id": 27,
    "name": "Djibril Dianessy",
    "dob": "29.03.1996",
    "height": "182 cm",
    "position": "Attacker",
    "quality": 47
  },
  {
    "id": 28,
    "name": "Nouha Dicko",
    "dob": "14.05.1992",
    "height": "173 cm",
    "position": "Attacker",
    "quality": 95
  },
  {
    "id": 29,
    "name": "Mark Diemers",
    "dob": "11.10.1993",
    "height": "178 cm",
    "position": "Midfield",
    "quality": 81
  },
  {
    "id": 30,
    "name": "Ritsu Doan",
    "dob": "16.06.1998",
    "height": "172 cm",
    "position": "Midfield",
    "quality": 38
  },
  {
    "id": 31,
    "name": "Danilho Doekhi",
    "dob": "30.06.1998",
    "height": "190 cm",
    "position": "Defender",
    "quality": 52
  },
  {
    "id": 32,
    "name": "Jacky Donkor",
    "dob": "12.11.1998",
    "height": "176 cm",
    "position": "Attacker",
    "quality": 87
  },
  {
    "id": 33,
    "name": "Trevor Doornbusch",
    "dob": "06.07.1999",
    "height": "188 cm",
    "position": "Goalkeeper",
    "quality": 58
  },
  {
    "id": 34,
    "name": "Dabney dos Santos",
    "dob": "31.07.1996",
    "height": "176 cm",
    "position": "Attacker",
    "quality": 81
  },
  {
    "id": 35,
    "name": "Marc Olivier Doué",
    "dob": "11.10.2000",
    "height": "185 cm",
    "position": "Defender",
    "quality": 58
  },
  {
    "id": 36,
    "name": "Ibrahim Drešević",
    "dob": "24.01.1997",
    "height": "186 cm",
    "position": "Defender",
    "quality": 36
  },
  {
    "id": 37,
    "name": "Joël Drommel",
    "dob": "16.11.1996",
    "height": "192 cm",
    "position": "Goalkeeper",
    "quality": 29
  },
  {
    "id": 38,
    "name": "Henrico Drost",
    "dob": "21.01.1987",
    "height": "184 cm",
    "position": "Defender",
    "quality": 30
  },
  {
    "id": 39,
    "name": "Jesper Drost",
    "dob": "11.01.1993",
    "height": "181 cm",
    "position": "Midfield",
    "quality": 92
  },
  {
    "id": 40,
    "name": "Ferdy Druijf",
    "dob": "12.02.1998",
    "height": "190 cm",
    "position": "Attacker",
    "quality": 8
  },
  {
    "id": 41,
    "name": "Deroy Duarte",
    "dob": "04.07.1999",
    "height": "177 cm",
    "position": "Midfield",
    "quality": 49
  },
  {
    "id": 42,
    "name": "Laros Duarte",
    "dob": "28.02.1997",
    "height": "180 cm",
    "position": "Midfield",
    "quality": 36
  },
  {
    "id": 43,
    "name": "Mark Duffy",
    "dob": "07.10.1985",
    "height": "175 cm",
    "position": "Midfield",
    "quality": 50
  },
  {
    "id": 44,
    "name": "Denzel Dumfries",
    "dob": "18.04.1996",
    "height": "189 cm",
    "position": "Defender",
    "quality": 42
  },
  {
    "id": 45,
    "name": "Văn Hậu Đoàn",
    "dob": "19.04.1999",
    "height": "185 cm",
    "position": "Defender",
    "quality": 5
  },
  {
    "id": 46,
    "name": " Edgar Ié",
    "dob": "01.05.1994",
    "height": "182 cm",
    "position": "Defender",
    "quality": 26
  },
  {
    "id": 47,
    "name": "Carel Eiting",
    "dob": "11.02.1998",
    "height": "179 cm",
    "position": "Midfield",
    "quality": 61
  },
  {
    "id": 48,
    "name": "Chidera Ejuke",
    "dob": "02.01.1998",
    "height": "176 cm",
    "position": "Attacker",
    "quality": 47
  },
  {
    "id": 49,
    "name": "Jurgen Ekkelenkamp",
    "dob": "05.04.2000",
    "height": "184 cm",
    "position": "Midfield",
    "quality": 31
  },
  {
    "id": 0,
    "name": "Nassim el Ablak",
    "dob": "07.01.2000",
    "height": "178 cm",
    "position": "Midfield",
    "quality": 17
  },
  {
    "id": 1,
    "name": "Rida el Barjiji",
    "dob": "20.10.2001",
    "height": "???",
    "position": "Midfield",
    "quality": 62
  },
  {
    "id": 2,
    "name": "Morad el Haddouti",
    "dob": "09.05.1998",
    "height": "???",
    "position": "Attacker",
    "quality": 65
  },
  {
    "id": 3,
    "name": "Mo el Hankouri",
    "dob": "01.07.1997",
    "height": "176 cm",
    "position": "Attacker",
    "quality": 99
  },
  {
    "id": 4,
    "name": "Issam el Maach",
    "dob": "01.02.2000",
    "height": "187 cm",
    "position": "Goalkeeper",
    "quality": 24
  },
  {
    "id": 5,
    "name": "Ahmed El Messaoudi",
    "dob": "03.08.1995",
    "height": "184 cm",
    "position": "Midfield",
    "quality": 52
  },
  {
    "id": 6,
    "name": "Stanley Elbers",
    "dob": "14.05.1992",
    "height": "173 cm",
    "position": "Attacker",
    "quality": 76
  },
  {
    "id": 7,
    "name": "Urby Emanuelson",
    "dob": "16.06.1986",
    "height": "176 cm",
    "position": "Midfield",
    "quality": 81
  },
  {
    "id": 8,
    "name": " Eric Botteghin",
    "dob": "31.08.1987",
    "height": "193 cm",
    "position": "Defender",
    "quality": 87
  },
  {
    "id": 9,
    "name": "Runar Espejord",
    "dob": "26.02.1996",
    "height": "189 cm",
    "position": "Attacker",
    "quality": 94
  },
  {
    "id": 10,
    "name": "Wassim Essanoussi",
    "dob": "28.10.2003",
    "height": "???",
    "position": "Midfield",
    "quality": 6
  },
  {
    "id": 11,
    "name": "Clint Essers",
    "dob": "21.01.1997",
    "height": "180 cm",
    "position": "Defender",
    "quality": 36
  },
  {
    "id": 12,
    "name": "Håkon Evjen",
    "dob": "14.02.2000",
    "height": "173 cm",
    "position": "Midfield",
    "quality": 25
  },
  {
    "id": 13,
    "name": "Elber Evora",
    "dob": "02.12.1999",
    "height": "192 cm",
    "position": "Goalkeeper",
    "quality": 3
  },
  {
    "id": 14,
    "name": "Michael Fabrie",
    "dob": "11.11.1997",
    "height": "191 cm",
    "position": "Goalkeeper",
    "quality": 24
  },
  {
    "id": 15,
    "name": "Hicham Faik",
    "dob": "19.03.1993",
    "height": "189 cm",
    "position": "Midfield",
    "quality": 51
  },
  {
    "id": 16,
    "name": "Erik Falkenburg",
    "dob": "05.05.1988",
    "height": "184 cm",
    "position": "Attacker",
    "quality": 50
  },
  {
    "id": 17,
    "name": "Carlos Faya",
    "dob": "18.01.2002",
    "height": "174 cm",
    "position": "Midfield",
    "quality": 79
  },
  {
    "id": 18,
    "name": "Lassana Faye",
    "dob": "15.06.1998",
    "height": "179 cm",
    "position": "Defender",
    "quality": 10
  },
  {
    "id": 19,
    "name": "Leroy Fer",
    "dob": "05.01.1990",
    "height": "188 cm",
    "position": "Midfield",
    "quality": 34
  },
  {
    "id": 20,
    "name": "Leandro Fernandes",
    "dob": "25.12.1999",
    "height": "176 cm",
    "position": "Midfield",
    "quality": 9
  },
  {
    "id": 21,
    "name": "Sherel Floranus",
    "dob": "23.08.1998",
    "height": "181 cm",
    "position": "Defender",
    "quality": 29
  },
  {
    "id": 22,
    "name": "Jeffry Fortes",
    "dob": "22.03.1989",
    "height": "183 cm",
    "position": "Defender",
    "quality": 13
  },
  {
    "id": 23,
    "name": "Kerim Frei",
    "dob": "19.11.1993",
    "height": "171 cm",
    "position": "Attacker",
    "quality": 30
  },
  {
    "id": 24,
    "name": "Juriën Gaari",
    "dob": "23.12.1993",
    "height": "181 cm",
    "position": "Defender",
    "quality": 89
  },
  {
    "id": 25,
    "name": "Cody Gakpo",
    "dob": "07.05.1999",
    "height": "187 cm",
    "position": "Attacker",
    "quality": 59
  },
  {
    "id": 26,
    "name": "Lutsharel Geertruida",
    "dob": "18.07.2000",
    "height": "184 cm",
    "position": "Defender",
    "quality": 69
  },
  {
    "id": 27,
    "name": "Roy Gelmi",
    "dob": "01.03.1995",
    "height": "188 cm",
    "position": "Defender",
    "quality": 77
  },
  {
    "id": 28,
    "name": "Reza Ghoochannejhad",
    "dob": "20.09.1987",
    "height": "180 cm",
    "position": "Attacker",
    "quality": 77
  },
  {
    "id": 29,
    "name": "Paul Gladon",
    "dob": "18.03.1992",
    "height": "188 cm",
    "position": "Attacker",
    "quality": 22
  },
  {
    "id": 30,
    "name": "Hilary Gong",
    "dob": "10.10.1998",
    "height": "169 cm",
    "position": "Attacker",
    "quality": 70
  },
  {
    "id": 31,
    "name": "John Goossens",
    "dob": "25.07.1988",
    "height": "176 cm",
    "position": "Midfield",
    "quality": 56
  },
  {
    "id": 32,
    "name": "Ferhat Görgülü",
    "dob": "28.03.1991",
    "height": "184 cm",
    "position": "Defender",
    "quality": 15
  },
  {
    "id": 33,
    "name": "Kenzo Goudmijn",
    "dob": "18.12.2001",
    "height": "173 cm",
    "position": "Midfield",
    "quality": 74
  },
  {
    "id": 34,
    "name": "Ryan Gravenberch",
    "dob": "15.06.2002",
    "height": "190 cm",
    "position": "Midfield",
    "quality": 85
  },
  {
    "id": 35,
    "name": "Mike Grim",
    "dob": "07.09.1996",
    "height": "186 cm",
    "position": "Goalkeeper",
    "quality": 56
  },
  {
    "id": 36,
    "name": "Jay-Roy Grot",
    "dob": "13.03.1998",
    "height": "193 cm",
    "position": "Attacker",
    "quality": 69
  },
  {
    "id": 37,
    "name": "Gabriel Gudmundsson",
    "dob": "29.04.1999",
    "height": "181 cm",
    "position": "Midfield",
    "quality": 61
  },
  {
    "id": 38,
    "name": "Albert Guðmundsson",
    "dob": "15.06.1997",
    "height": "177 cm",
    "position": "Attacker",
    "quality": 48
  },
  {
    "id": 39,
    "name": "Simon Gustafson",
    "dob": "11.01.1995",
    "height": "185 cm",
    "position": "Midfield",
    "quality": 83
  },
  {
    "id": 40,
    "name": "Erick Gutiérrez",
    "dob": "15.06.1995",
    "height": "177 cm",
    "position": "Midfield",
    "quality": 67
  },
  {
    "id": 41,
    "name": "Leon Guwara",
    "dob": "28.06.1996",
    "height": "185 cm",
    "position": "Defender",
    "quality": 21
  },
  {
    "id": 42,
    "name": "Brian Haak",
    "dob": "???",
    "height": "???",
    "position": "Goalkeeper",
    "quality": 27
  },
  {
    "id": 43,
    "name": "Warner Hahn",
    "dob": "15.06.1992",
    "height": "190 cm",
    "position": "Goalkeeper",
    "quality": 46
  },
  {
    "id": 44,
    "name": "Tomáš Hajek",
    "dob": "01.12.1991",
    "height": "187 cm",
    "position": "Defender",
    "quality": 16
  },
  {
    "id": 45,
    "name": "Alen Halilović",
    "dob": "18.06.1996",
    "height": "169 cm",
    "position": "Midfield",
    "quality": 21
  },
  {
    "id": 46,
    "name": "Denzel Hall",
    "dob": "22.05.2001",
    "height": "180 cm",
    "position": "Defender",
    "quality": 67
  },
  {
    "id": 47,
    "name": "Gustavo Hamer",
    "dob": "24.06.1997",
    "height": "169 cm",
    "position": "Midfield",
    "quality": 46
  },
  {
    "id": 48,
    "name": "Matthias Hamrol",
    "dob": "31.12.1993",
    "height": "195 cm",
    "position": "Goalkeeper",
    "quality": 38
  },
  {
    "id": 49,
    "name": "Sontje Hansen",
    "dob": "18.05.2002",
    "height": "172 cm",
    "position": "Attacker",
    "quality": 80
  },
  {
    "id": 0,
    "name": "Emil Hansson",
    "dob": "15.06.1998",
    "height": "172 cm",
    "position": "Attacker",
    "quality": 99
  },
  {
    "id": 1,
    "name": "Ridgeciano Haps",
    "dob": "12.06.1993",
    "height": "175 cm",
    "position": "Defender",
    "quality": 27
  },
  {
    "id": 2,
    "name": "Jeff Hardeveld",
    "dob": "27.02.1995",
    "height": "184 cm",
    "position": "Defender",
    "quality": 18
  },
  {
    "id": 3,
    "name": "Abdou Harroui",
    "dob": "13.01.1998",
    "height": "181 cm",
    "position": "Midfield",
    "quality": 55
  },
  {
    "id": 4,
    "name": "Ariel Harush",
    "dob": "25.05.1988",
    "height": "191 cm",
    "position": "Goalkeeper",
    "quality": 50
  },
  {
    "id": 5,
    "name": "Pantelis Hatzidiakos",
    "dob": "18.01.1997",
    "height": "181 cm",
    "position": "Defender",
    "quality": 45
  },
  {
    "id": 6,
    "name": "Mike Hauptmeijer",
    "dob": "18.03.1997",
    "height": "190 cm",
    "position": "Goalkeeper",
    "quality": 63
  },
  {
    "id": 7,
    "name": "Mike Havekotte",
    "dob": "12.09.1995",
    "height": "184 cm",
    "position": "Goalkeeper",
    "quality": 72
  },
  {
    "id": 8,
    "name": "Kees Heemskerk",
    "dob": "02.05.1991",
    "height": "194 cm",
    "position": "Goalkeeper",
    "quality": 94
  },
  {
    "id": 9,
    "name": "Freek Heerkens",
    "dob": "13.09.1989",
    "height": "185 cm",
    "position": "Defender",
    "quality": 0
  },
  {
    "id": 10,
    "name": "Tom Hendriks",
    "dob": "14.05.2002",
    "height": "186 cm",
    "position": "Goalkeeper",
    "quality": 62
  },
  {
    "id": 11,
    "name": "Jorrit Hendrix",
    "dob": "06.02.1995",
    "height": "181 cm",
    "position": "Midfield",
    "quality": 21
  },
  {
    "id": 12,
    "name": "Michaël Heylen",
    "dob": "03.01.1994",
    "height": "187 cm",
    "position": "Defender",
    "quality": 34
  },
  {
    "id": 13,
    "name": "Tom Hiariej",
    "dob": "25.07.1988",
    "height": "178 cm",
    "position": "Midfield",
    "quality": 32
  },
  {
    "id": 14,
    "name": "Jan Hoekstra",
    "dob": "04.08.1998",
    "height": "190 cm",
    "position": "Goalkeeper",
    "quality": 54
  },
  {
    "id": 15,
    "name": "Sebastian Holmén",
    "dob": "29.04.1992",
    "height": "188 cm",
    "position": "Defender",
    "quality": 44
  },
  {
    "id": 16,
    "name": "Tim Hölscher",
    "dob": "21.02.1995",
    "height": "179 cm",
    "position": "Midfield",
    "quality": 5
  },
  {
    "id": 17,
    "name": "Justin Hoogma",
    "dob": "11.06.1998",
    "height": "190 cm",
    "position": "Defender",
    "quality": 12
  },
  {
    "id": 18,
    "name": "Elson Hooi",
    "dob": "01.10.1991",
    "height": "164 cm",
    "position": "Attacker",
    "quality": 47
  },
  {
    "id": 19,
    "name": "Joey Houweling",
    "dob": "07.04.2000",
    "height": "197 cm",
    "position": "Goalkeeper",
    "quality": 70
  },
  {
    "id": 20,
    "name": "Daniel Høegh",
    "dob": "06.01.1991",
    "height": "190 cm",
    "position": "Defender",
    "quality": 84
  },
  {
    "id": 21,
    "name": "Ajdin Hrustić",
    "dob": "05.07.1996",
    "height": "183 cm",
    "position": "Midfield",
    "quality": 18
  },
  {
    "id": 22,
    "name": "Dean Huiberts",
    "dob": "16.05.2000",
    "height": "186 cm",
    "position": "Midfield",
    "quality": 67
  },
  {
    "id": 23,
    "name": "Klaas-Jan Huntelaar",
    "dob": "12.08.1983",
    "height": "186 cm",
    "position": "Attacker",
    "quality": 43
  },
  {
    "id": 24,
    "name": "Oussama Idrissi",
    "dob": "26.02.1996",
    "height": "183 cm",
    "position": "Attacker",
    "quality": 85
  },
  {
    "id": 25,
    "name": "Mohamed Ihattaren",
    "dob": "12.02.2002",
    "height": "177 cm",
    "position": "Midfield",
    "quality": 75
  },
  {
    "id": 26,
    "name": "Lex Immers",
    "dob": "08.06.1986",
    "height": "188 cm",
    "position": "Midfield",
    "quality": 23
  },
  {
    "id": 27,
    "name": "Dimitrios Ioannidis",
    "dob": "13.02.2000",
    "height": "183 cm",
    "position": "Midfield",
    "quality": 97
  },
  {
    "id": 28,
    "name": "Ko Itakura",
    "dob": "27.01.1997",
    "height": "186 cm",
    "position": "Defender",
    "quality": 80
  },
  {
    "id": 29,
    "name": "Sebastian Jakubiak",
    "dob": "21.06.1993",
    "height": "175 cm",
    "position": "Midfield",
    "quality": 24
  },
  {
    "id": 30,
    "name": "Robin Jalving",
    "dob": "11.04.2000",
    "height": "190 cm",
    "position": "Goalkeeper",
    "quality": 16
  },
  {
    "id": 31,
    "name": "Anco Jansen",
    "dob": "09.03.1989",
    "height": "186 cm",
    "position": "Attacker",
    "quality": 70
  },
  {
    "id": 32,
    "name": "Roel Janssen",
    "dob": "16.06.1990",
    "height": "179 cm",
    "position": "Defender",
    "quality": 63
  },
  {
    "id": 33,
    "name": "Simon Janssen",
    "dob": "25.09.2000",
    "height": "179 cm",
    "position": "Midfield",
    "quality": 4
  },
  {
    "id": 34,
    "name": "Willem Janssen",
    "dob": "04.07.1986",
    "height": "186 cm",
    "position": "Defender",
    "quality": 23
  },
  {
    "id": 35,
    "name": " Javi Espinosa",
    "dob": "19.09.1992",
    "height": "173 cm",
    "position": "Midfield",
    "quality": 42
  },
  {
    "id": 36,
    "name": " João Queirós",
    "dob": "22.04.1998",
    "height": "192 cm",
    "position": "Defender",
    "quality": 85
  },
  {
    "id": 37,
    "name": "Dennis Johnsen",
    "dob": "17.02.1998",
    "height": "185 cm",
    "position": "Attacker",
    "quality": 20
  },
  {
    "id": 38,
    "name": "George Johnston",
    "dob": "01.09.1998",
    "height": "181 cm",
    "position": "Defender",
    "quality": 89
  },
  {
    "id": 39,
    "name": "Patrick Joosten",
    "dob": "14.04.1996",
    "height": "177 cm",
    "position": "Attacker",
    "quality": 24
  },
  {
    "id": 40,
    "name": "Nicolai Jørgensen",
    "dob": "15.01.1991",
    "height": "190 cm",
    "position": "Attacker",
    "quality": 90
  },
  {
    "id": 41,
    "name": "Ažbe Jug",
    "dob": "03.03.1992",
    "height": "192 cm",
    "position": "Goalkeeper",
    "quality": 12
  },
  {
    "id": 42,
    "name": " Julio Pleguezuelo",
    "dob": "26.01.1997",
    "height": "180 cm",
    "position": "Defender",
    "quality": 25
  },
  {
    "id": 43,
    "name": "Elton Kabangu",
    "dob": "08.02.1998",
    "height": "178 cm",
    "position": "Attacker",
    "quality": 58
  },
  {
    "id": 44,
    "name": "Khalid Karami",
    "dob": "29.12.1989",
    "height": "181 cm",
    "position": "Defender",
    "quality": 50
  },
  {
    "id": 45,
    "name": "Rasmus Karjalainen",
    "dob": "04.04.1996",
    "height": "185 cm",
    "position": "Attacker",
    "quality": 87
  },
  {
    "id": 46,
    "name": "Rick Karsdorp",
    "dob": "11.02.1995",
    "height": "184 cm",
    "position": "Defender",
    "quality": 89
  },
  {
    "id": 47,
    "name": "Arian Kastrati",
    "dob": "15.07.2001",
    "height": "194 cm",
    "position": "Attacker",
    "quality": 49
  },
  {
    "id": 48,
    "name": "Boy Kemper",
    "dob": "21.06.1999",
    "height": "183 cm",
    "position": "Defender",
    "quality": 75
  },
  {
    "id": 49,
    "name": "Gyrano Kerk",
    "dob": "02.12.1995",
    "height": "175 cm",
    "position": "Attacker",
    "quality": 8
  },
  {
    "id": 0,
    "name": "Sam Kersten",
    "dob": "30.01.1998",
    "height": "191 cm",
    "position": "Defender",
    "quality": 83
  },
  {
    "id": 1,
    "name": "Orestis Kiomourtzoglou",
    "dob": "07.05.1998",
    "height": "188 cm",
    "position": "Midfield",
    "quality": 86
  },
  {
    "id": 2,
    "name": "Thorsten Kirschbaum",
    "dob": "20.04.1987",
    "height": "195 cm",
    "position": "Goalkeeper",
    "quality": 76
  },
  {
    "id": 3,
    "name": "Sean Klaiber",
    "dob": "13.07.1994",
    "height": "184 cm",
    "position": "Defender",
    "quality": 13
  },
  {
    "id": 4,
    "name": "Mats Knoester",
    "dob": "19.11.1998",
    "height": "186 cm",
    "position": "Defender",
    "quality": 91
  },
  {
    "id": 5,
    "name": "Jari Koenraat",
    "dob": "26.09.1995",
    "height": "184 cm",
    "position": "Attacker",
    "quality": 49
  },
  {
    "id": 6,
    "name": "Mats Köhlert",
    "dob": "02.05.1998",
    "height": "168 cm",
    "position": "Attacker",
    "quality": 58
  },
  {
    "id": 7,
    "name": "Orkun Kökçü",
    "dob": "29.12.2000",
    "height": "175 cm",
    "position": "Midfield",
    "quality": 10
  },
  {
    "id": 8,
    "name": "Marko Kolar",
    "dob": "31.05.1995",
    "height": "185 cm",
    "position": "Attacker",
    "quality": 55
  },
  {
    "id": 9,
    "name": "Rodney Kongolo",
    "dob": "09.01.1998",
    "height": "187 cm",
    "position": "Midfield",
    "quality": 72
  },
  {
    "id": 10,
    "name": "Joey Konings",
    "dob": "21.04.1998",
    "height": "178 cm",
    "position": "Attacker",
    "quality": 41
  },
  {
    "id": 11,
    "name": "Luuk Koopmans",
    "dob": "18.11.1993",
    "height": "190 cm",
    "position": "Goalkeeper",
    "quality": 39
  },
  {
    "id": 12,
    "name": "Teun Koopmeiners",
    "dob": "28.02.1998",
    "height": "184 cm",
    "position": "Midfield",
    "quality": 80
  },
  {
    "id": 13,
    "name": "Jarni Koorman",
    "dob": "15.03.1999",
    "height": "182 cm",
    "position": "Midfield",
    "quality": 57
  },
  {
    "id": 14,
    "name": "Rowen Koot",
    "dob": "20.07.1999",
    "height": "184 cm",
    "position": "Goalkeeper",
    "quality": 22
  },
  {
    "id": 15,
    "name": "Alexei Koșelev",
    "dob": "19.11.1993",
    "height": "200 cm",
    "position": "Goalkeeper",
    "quality": 62
  },
  {
    "id": 16,
    "name": "Dominik Kotarski",
    "dob": "10.02.2000",
    "height": "189 cm",
    "position": "Goalkeeper",
    "quality": 40
  },
  {
    "id": 17,
    "name": "Joris Kramer",
    "dob": "02.08.1996",
    "height": "187 cm",
    "position": "Defender",
    "quality": 69
  },
  {
    "id": 18,
    "name": "Michiel Kramer",
    "dob": "03.12.1988",
    "height": "196 cm",
    "position": "Attacker",
    "quality": 75
  },
  {
    "id": 19,
    "name": "Chris Kum",
    "dob": "13.09.1985",
    "height": "182 cm",
    "position": "Defender",
    "quality": 33
  },
  {
    "id": 20,
    "name": "Zakaria Labyad",
    "dob": "09.03.1993",
    "height": "175 cm",
    "position": "Midfield",
    "quality": 98
  },
  {
    "id": 21,
    "name": "Thomas Lam",
    "dob": "18.12.1993",
    "height": "188 cm",
    "position": "Defender",
    "quality": 53
  },
  {
    "id": 22,
    "name": "Sam Lammers",
    "dob": "30.04.1997",
    "height": "191 cm",
    "position": "Attacker",
    "quality": 36
  },
  {
    "id": 23,
    "name": "Kostas Lamprou",
    "dob": "18.09.1991",
    "height": "178 cm",
    "position": "Goalkeeper",
    "quality": 72
  },
  {
    "id": 24,
    "name": "Chardi Landu",
    "dob": "18.07.2000",
    "height": "175 cm",
    "position": "Attacker",
    "quality": 44
  },
  {
    "id": 25,
    "name": "Noa Lang",
    "dob": "17.06.1999",
    "height": "179 cm",
    "position": "Attacker",
    "quality": 12
  },
  {
    "id": 26,
    "name": "Nigel Langras",
    "dob": "13.01.2001",
    "height": "???",
    "position": "Defender",
    "quality": 65
  },
  {
    "id": 27,
    "name": "Joel Latibeaudiere",
    "dob": "06.01.2000",
    "height": "180 cm",
    "position": "Defender",
    "quality": 33
  },
  {
    "id": 28,
    "name": "Nikolai Laursen",
    "dob": "19.02.1998",
    "height": "183 cm",
    "position": "Attacker",
    "quality": 72
  },
  {
    "id": 29,
    "name": "Richie Ledezma",
    "dob": "06.09.2000",
    "height": "168 cm",
    "position": "Midfield",
    "quality": 97
  },
  {
    "id": 30,
    "name": "Brend Leeflang",
    "dob": "22.10.2001",
    "height": "???",
    "position": "Midfield",
    "quality": 20
  },
  {
    "id": 31,
    "name": "Clint Leemans",
    "dob": "15.09.1995",
    "height": "189 cm",
    "position": "Midfield",
    "quality": 26
  },
  {
    "id": 32,
    "name": "Niels Leemhuis",
    "dob": "28.09.1997",
    "height": "177 cm",
    "position": "Midfield",
    "quality": 3
  },
  {
    "id": 33,
    "name": "Ramon Leeuwin",
    "dob": "01.09.1987",
    "height": "187 cm",
    "position": "Defender",
    "quality": 70
  },
  {
    "id": 34,
    "name": "Julian Lelieveld",
    "dob": "09.07.1997",
    "height": "178 cm",
    "position": "Defender",
    "quality": 15
  },
  {
    "id": 35,
    "name": "Fernando Lewis",
    "dob": "31.01.1993",
    "height": "180 cm",
    "position": "Defender",
    "quality": 31
  },
  {
    "id": 36,
    "name": "Bryan Linssen",
    "dob": "08.10.1990",
    "height": "170 cm",
    "position": "Attacker",
    "quality": 69
  },
  {
    "id": 37,
    "name": "Evert Linthorst",
    "dob": "03.03.2000",
    "height": "187 cm",
    "position": "Midfield",
    "quality": 32
  },
  {
    "id": 38,
    "name": "Kenny Lipman",
    "dob": "12.03.1999",
    "height": "???",
    "position": "Goalkeeper",
    "quality": 37
  },
  {
    "id": 39,
    "name": "Justin Lonwijk",
    "dob": "21.12.1999",
    "height": "189 cm",
    "position": "Midfield",
    "quality": 97
  },
  {
    "id": 40,
    "name": " Lorenzo Fonseca",
    "dob": "17.01.1998",
    "height": "189 cm",
    "position": "Defender",
    "quality": 78
  },
  {
    "id": 41,
    "name": "Ramon Lundqvist",
    "dob": "10.05.1997",
    "height": "178 cm",
    "position": "Midfield",
    "quality": 80
  },
  {
    "id": 42,
    "name": "Darren Maatsen",
    "dob": "30.01.1991",
    "height": "185 cm",
    "position": "Attacker",
    "quality": 50
  },
  {
    "id": 43,
    "name": "Eros Maddy",
    "dob": "05.02.2001",
    "height": "???",
    "position": "Attacker",
    "quality": 79
  },
  {
    "id": 44,
    "name": "Noni Madueke",
    "dob": "10.03.2002",
    "height": "182 cm",
    "position": "Attacker",
    "quality": 10
  },
  {
    "id": 45,
    "name": "Adam Maher",
    "dob": "20.07.1993",
    "height": "174 cm",
    "position": "Midfield",
    "quality": 29
  },
  {
    "id": 46,
    "name": "Tyrell Malacia",
    "dob": "17.08.1999",
    "height": "175 cm",
    "position": "Defender",
    "quality": 35
  },
  {
    "id": 47,
    "name": "Donyell Malen",
    "dob": "19.01.1999",
    "height": "179 cm",
    "position": "Attacker",
    "quality": 0
  },
  {
    "id": 48,
    "name": "Mohamed Mallahi",
    "dob": "13.02.2000",
    "height": "181 cm",
    "position": "Attacker",
    "quality": 50
  },
  {
    "id": 49,
    "name": "Dion Malone",
    "dob": "13.02.1989",
    "height": "185 cm",
    "position": "Defender",
    "quality": 62
  },
  {
    "id": 0,
    "name": "Christopher Mamengi",
    "dob": "03.04.2001",
    "height": "182 cm",
    "position": "Defender",
    "quality": 80
  },
  {
    "id": 1,
    "name": "Răzvan Marin",
    "dob": "23.05.1996",
    "height": "174 cm",
    "position": "Midfield",
    "quality": 66
  },
  {
    "id": 2,
    "name": "Wouter Marinus",
    "dob": "18.02.1995",
    "height": "177 cm",
    "position": "Midfield",
    "quality": 57
  },
  {
    "id": 3,
    "name": "Nick Marsman",
    "dob": "01.10.1990",
    "height": "188 cm",
    "position": "Goalkeeper",
    "quality": 47
  },
  {
    "id": 4,
    "name": "Lisandro Martínez",
    "dob": "18.01.1998",
    "height": "175 cm",
    "position": "Midfield",
    "quality": 19
  },
  {
    "id": 5,
    "name": "Bradley Martis",
    "dob": "13.07.1998",
    "height": "179 cm",
    "position": "Defender",
    "quality": 79
  },
  {
    "id": 6,
    "name": "Tim Matavž",
    "dob": "13.01.1989",
    "height": "188 cm",
    "position": "Attacker",
    "quality": 24
  },
  {
    "id": 7,
    "name": " Matos",
    "dob": "06.05.1995",
    "height": "168 cm",
    "position": "Defender",
    "quality": 48
  },
  {
    "id": 8,
    "name": "Jurgen Mattheij",
    "dob": "01.04.1993",
    "height": "191 cm",
    "position": "Defender",
    "quality": 20
  },
  {
    "id": 9,
    "name": "Azor Matusiwa",
    "dob": "28.04.1998",
    "height": "173 cm",
    "position": "Midfield",
    "quality": 9
  },
  {
    "id": 10,
    "name": " Mauro Júnior",
    "dob": "06.05.1999",
    "height": "171 cm",
    "position": "Midfield",
    "quality": 18
  },
  {
    "id": 11,
    "name": "Noussair Mazraoui",
    "dob": "14.11.1997",
    "height": "183 cm",
    "position": "Defender",
    "quality": 65
  },
  {
    "id": 12,
    "name": "Jason Meerstadt",
    "dob": "10.07.2001",
    "height": "???",
    "position": "Midfield",
    "quality": 38
  },
  {
    "id": 13,
    "name": "Aaron Meijers",
    "dob": "28.10.1987",
    "height": "176 cm",
    "position": "Defender",
    "quality": 92
  },
  {
    "id": 14,
    "name": "Queensy Menig",
    "dob": "19.08.1995",
    "height": "174 cm",
    "position": "Attacker",
    "quality": 36
  },
  {
    "id": 15,
    "name": "Alexander Merkel",
    "dob": "22.02.1992",
    "height": "179 cm",
    "position": "Midfield",
    "quality": 43
  },
  {
    "id": 16,
    "name": "Melle Meulensteen",
    "dob": "04.07.1999",
    "height": "188 cm",
    "position": "Defender",
    "quality": 4
  },
  {
    "id": 17,
    "name": " Mica Pinto",
    "dob": "04.06.1993",
    "height": "176 cm",
    "position": "Defender",
    "quality": 39
  },
  {
    "id": 18,
    "name": "Fredrik Midtsjø",
    "dob": "11.08.1993",
    "height": "176 cm",
    "position": "Midfield",
    "quality": 97
  },
  {
    "id": 19,
    "name": "Sven Mijnans",
    "dob": "09.03.2000",
    "height": "190 cm",
    "position": "Midfield",
    "quality": 39
  },
  {
    "id": 20,
    "name": "David Min",
    "dob": "23.06.1999",
    "height": "194 cm",
    "position": "Attacker",
    "quality": 6
  },
  {
    "id": 21,
    "name": "Kostas Mitroglou",
    "dob": "12.03.1988",
    "height": "188 cm",
    "position": "Attacker",
    "quality": 67
  },
  {
    "id": 22,
    "name": "Sylian Mokono",
    "dob": "22.03.1999",
    "height": "188 cm",
    "position": "Defender",
    "quality": 15
  },
  {
    "id": 23,
    "name": "Xavier Mous",
    "dob": "04.08.1995",
    "height": "188 cm",
    "position": "Goalkeeper",
    "quality": 66
  },
  {
    "id": 24,
    "name": "Hans Mulder",
    "dob": "27.04.1987",
    "height": "180 cm",
    "position": "Defender",
    "quality": 68
  },
  {
    "id": 25,
    "name": "Joep Munsters",
    "dob": "29.03.2002",
    "height": "???",
    "position": "Midfield",
    "quality": 7
  },
  {
    "id": 26,
    "name": "Dehninio Muringen",
    "dob": "01.02.1999",
    "height": "184 cm",
    "position": "Defender",
    "quality": 36
  },
  {
    "id": 27,
    "name": "Richie Musaba",
    "dob": "06.12.2000",
    "height": "177 cm",
    "position": "Midfield",
    "quality": 60
  },
  {
    "id": 28,
    "name": "Charly Musonda",
    "dob": "15.10.1996",
    "height": "173 cm",
    "position": "Attacker",
    "quality": 53
  },
  {
    "id": 29,
    "name": "Keito Nakamura",
    "dob": "28.07.2000",
    "height": "180 cm",
    "position": "Attacker",
    "quality": 54
  },
  {
    "id": 30,
    "name": "Yuta Nakayama",
    "dob": "16.02.1997",
    "height": "181 cm",
    "position": "Defender",
    "quality": 50
  },
  {
    "id": 31,
    "name": "Luciano Narsingh",
    "dob": "13.09.1990",
    "height": "175 cm",
    "position": "Attacker",
    "quality": 95
  },
  {
    "id": 32,
    "name": "Tomáš Necid",
    "dob": "13.08.1989",
    "height": "191 cm",
    "position": "Attacker",
    "quality": 27
  },
  {
    "id": 33,
    "name": "Miquel Nelom",
    "dob": "22.09.1990",
    "height": "175 cm",
    "position": "Defender",
    "quality": 28
  },
  {
    "id": 34,
    "name": "Richard Neudecker",
    "dob": "29.10.1996",
    "height": "174 cm",
    "position": "Midfield",
    "quality": 85
  },
  {
    "id": 35,
    "name": "Cyril Ngonge",
    "dob": "26.05.2000",
    "height": "179 cm",
    "position": "Attacker",
    "quality": 69
  },
  {
    "id": 36,
    "name": "Reuven Niemeijer",
    "dob": "27.03.1995",
    "height": "178 cm",
    "position": "Midfield",
    "quality": 57
  },
  {
    "id": 37,
    "name": "Bart Nieuwkoop",
    "dob": "07.03.1996",
    "height": "181 cm",
    "position": "Defender",
    "quality": 38
  },
  {
    "id": 38,
    "name": "Lars Nieuwpoort",
    "dob": "29.10.1994",
    "height": "189 cm",
    "position": "Defender",
    "quality": 49
  },
  {
    "id": 39,
    "name": "Thijmen Nijhuis",
    "dob": "25.07.1998",
    "height": "196 cm",
    "position": "Goalkeeper",
    "quality": 50
  },
  {
    "id": 40,
    "name": "Branislav Niňaj",
    "dob": "17.05.1994",
    "height": "192 cm",
    "position": "Defender",
    "quality": 39
  },
  {
    "id": 41,
    "name": "Nando Nöstlinger",
    "dob": "15.01.1998",
    "height": "185 cm",
    "position": "Midfield",
    "quality": 96
  },
  {
    "id": 42,
    "name": "Ché Nunnely",
    "dob": "04.02.1999",
    "height": "170 cm",
    "position": "Attacker",
    "quality": 22
  },
  {
    "id": 43,
    "name": "Armando Obispo",
    "dob": "05.03.1999",
    "height": "185 cm",
    "position": "Defender",
    "quality": 43
  },
  {
    "id": 44,
    "name": "Jens Odgaard",
    "dob": "31.03.1999",
    "height": "188 cm",
    "position": "Attacker",
    "quality": 10
  },
  {
    "id": 45,
    "name": "André Onana",
    "dob": "02.04.1996",
    "height": "190 cm",
    "position": "Goalkeeper",
    "quality": 15
  },
  {
    "id": 46,
    "name": "Johnathan Opoku",
    "dob": "18.04.1990",
    "height": "187 cm",
    "position": "Attacker",
    "quality": 31
  },
  {
    "id": 47,
    "name": " Oriol Busquets",
    "dob": "20.01.1999",
    "height": "185 cm",
    "position": "Midfield",
    "quality": 76
  },
  {
    "id": 48,
    "name": "Mohammed Osman",
    "dob": "01.01.1994",
    "height": "183 cm",
    "position": "Midfield",
    "quality": 12
  },
  {
    "id": 49,
    "name": "Yassin Oukili",
    "dob": "03.01.2001",
    "height": "195 cm",
    "position": "Midfield",
    "quality": 94
  },
  {
    "id": 0,
    "name": "Bilal Ould-Chikh",
    "dob": "28.07.1997",
    "height": "170 cm",
    "position": "Attacker",
    "quality": 3
  },
  {
    "id": 1,
    "name": "Thomas Ouwejan",
    "dob": "30.09.1996",
    "height": "182 cm",
    "position": "Midfield",
    "quality": 19
  },
  {
    "id": 2,
    "name": "Oğuzhan Özyakup",
    "dob": "23.09.1992",
    "height": "180 cm",
    "position": "Midfield",
    "quality": 99
  },
  {
    "id": 3,
    "name": "Kenneth Paal",
    "dob": "24.06.1997",
    "height": "174 cm",
    "position": "Defender",
    "quality": 58
  },
  {
    "id": 4,
    "name": "Mark Pabai",
    "dob": "30.09.2000",
    "height": "189 cm",
    "position": "Defender",
    "quality": 93
  },
  {
    "id": 5,
    "name": "Tobias Pachonik",
    "dob": "04.01.1995",
    "height": "185 cm",
    "position": "Defender",
    "quality": 84
  },
  {
    "id": 6,
    "name": "Sergio Padt",
    "dob": "06.06.1990",
    "height": "197 cm",
    "position": "Goalkeeper",
    "quality": 81
  },
  {
    "id": 7,
    "name": "Maarten Paes",
    "dob": "14.05.1998",
    "height": "191 cm",
    "position": "Goalkeeper",
    "quality": 11
  },
  {
    "id": 8,
    "name": "Felix Passlack",
    "dob": "29.05.1998",
    "height": "170 cm",
    "position": "Midfield",
    "quality": 49
  },
  {
    "id": 9,
    "name": "Remko Pasveer",
    "dob": "08.11.1983",
    "height": "187 cm",
    "position": "Goalkeeper",
    "quality": 96
  },
  {
    "id": 10,
    "name": "Vangelis Pavlidis",
    "dob": "21.11.1998",
    "height": "186 cm",
    "position": "Attacker",
    "quality": 20
  },
  {
    "id": 11,
    "name": "Desevio Payne",
    "dob": "30.11.1995",
    "height": "182 cm",
    "position": "Defender",
    "quality": 85
  },
  {
    "id": 12,
    "name": "Sergio Peña",
    "dob": "28.09.1995",
    "height": "177 cm",
    "position": "Midfield",
    "quality": 65
  },
  {
    "id": 13,
    "name": "Jordens Peters",
    "dob": "03.05.1987",
    "height": "183 cm",
    "position": "Defender",
    "quality": 43
  },
  {
    "id": 14,
    "name": "Kristoffer Peterson",
    "dob": "28.11.1994",
    "height": "185 cm",
    "position": "Attacker",
    "quality": 29
  },
  {
    "id": 15,
    "name": "Kik Pierie",
    "dob": "20.07.2000",
    "height": "183 cm",
    "position": "Defender",
    "quality": 37
  },
  {
    "id": 16,
    "name": "Shaquille Pinas",
    "dob": "19.03.1998",
    "height": "181 cm",
    "position": "Defender",
    "quality": 47
  },
  {
    "id": 17,
    "name": "Joël Piroe",
    "dob": "02.08.1999",
    "height": "181 cm",
    "position": "Attacker",
    "quality": 44
  },
  {
    "id": 18,
    "name": " Pol Llonch",
    "dob": "07.10.1992",
    "height": "170 cm",
    "position": "Midfield",
    "quality": 30
  },
  {
    "id": 19,
    "name": "Thomas Poll",
    "dob": "28.08.2001",
    "height": "184 cm",
    "position": "Defender",
    "quality": 74
  },
  {
    "id": 20,
    "name": "Robin Polley",
    "dob": "28.12.1998",
    "height": "183 cm",
    "position": "Defender",
    "quality": 0
  },
  {
    "id": 21,
    "name": "Danny Post",
    "dob": "07.04.1989",
    "height": "191 cm",
    "position": "Midfield",
    "quality": 26
  },
  {
    "id": 22,
    "name": "Romano Postema",
    "dob": "07.02.2002",
    "height": "175 cm",
    "position": "Attacker",
    "quality": 61
  },
  {
    "id": 23,
    "name": "Quincy Promes",
    "dob": "04.01.1992",
    "height": "174 cm",
    "position": "Attacker",
    "quality": 40
  },
  {
    "id": 24,
    "name": "Robin Pröpper",
    "dob": "23.09.1993",
    "height": "190 cm",
    "position": "Defender",
    "quality": 77
  },
  {
    "id": 25,
    "name": "Giacomo Quagliata",
    "dob": "19.02.2000",
    "height": "177 cm",
    "position": "Defender",
    "quality": 54
  },
  {
    "id": 26,
    "name": "Paul Quasten",
    "dob": "13.03.1985",
    "height": "180 cm",
    "position": "Defender",
    "quality": 0
  },
  {
    "id": 27,
    "name": "Freddy Quispel",
    "dob": "23.10.2000",
    "height": "177 cm",
    "position": "Attacker",
    "quality": 8
  },
  {
    "id": 28,
    "name": "Patrik Raitanen",
    "dob": "13.06.2001",
    "height": "187 cm",
    "position": "Defender",
    "quality": 47
  },
  {
    "id": 29,
    "name": "Bart Ramselaar",
    "dob": "29.06.1996",
    "height": "178 cm",
    "position": "Midfield",
    "quality": 64
  },
  {
    "id": 30,
    "name": "Jan Ras",
    "dob": "28.01.1999",
    "height": "174 cm",
    "position": "Midfield",
    "quality": 73
  },
  {
    "id": 31,
    "name": "Mohamed Rayhi",
    "dob": "01.07.1994",
    "height": "180 cm",
    "position": "Midfield",
    "quality": 13
  },
  {
    "id": 32,
    "name": "Daishawn Redan",
    "dob": "02.02.2001",
    "height": "176 cm",
    "position": "Attacker",
    "quality": 87
  },
  {
    "id": 33,
    "name": "Eliano Reijnders",
    "dob": "23.10.2000",
    "height": "168 cm",
    "position": "Midfield",
    "quality": 73
  },
  {
    "id": 34,
    "name": "Tijjani Reijnders",
    "dob": "29.07.1998",
    "height": "185 cm",
    "position": "Midfield",
    "quality": 76
  },
  {
    "id": 35,
    "name": "Etiënne Reijnen",
    "dob": "05.04.1987",
    "height": "189 cm",
    "position": "Defender",
    "quality": 20
  },
  {
    "id": 36,
    "name": "Boyd Reith",
    "dob": "05.05.1999",
    "height": "???",
    "position": "Defender",
    "quality": 70
  },
  {
    "id": 37,
    "name": "Maarten Rieder",
    "dob": "29.09.1999",
    "height": "172 cm",
    "position": "Midfield",
    "quality": 14
  },
  {
    "id": 38,
    "name": "Daan Rienstra",
    "dob": "06.10.1992",
    "height": "172 cm",
    "position": "Midfield",
    "quality": 27
  },
  {
    "id": 39,
    "name": "Dante Rigo",
    "dob": "11.12.1998",
    "height": "180 cm",
    "position": "Midfield",
    "quality": 2
  },
  {
    "id": 40,
    "name": "Ricardo Rodríguez",
    "dob": "25.08.1992",
    "height": "182 cm",
    "position": "Defender",
    "quality": 55
  },
  {
    "id": 41,
    "name": "Yahcuroo Roemer",
    "dob": "22.07.2001",
    "height": "180 cm",
    "position": "Attacker",
    "quality": 69
  },
  {
    "id": 42,
    "name": "Godfried Roemeratoe",
    "dob": "19.08.1999",
    "height": "178 cm",
    "position": "Midfield",
    "quality": 74
  },
  {
    "id": 43,
    "name": "Danté Roethof",
    "dob": "03.03.2001",
    "height": "???",
    "position": "Midfield",
    "quality": 48
  },
  {
    "id": 44,
    "name": "Ruben Roosken",
    "dob": "02.03.2000",
    "height": "183 cm",
    "position": "Defender",
    "quality": 55
  },
  {
    "id": 45,
    "name": "Pablo Rosario",
    "dob": "07.01.1997",
    "height": "179 cm",
    "position": "Midfield",
    "quality": 6
  },
  {
    "id": 46,
    "name": "Nils Röseler",
    "dob": "10.02.1992",
    "height": "190 cm",
    "position": "Defender",
    "quality": 68
  },
  {
    "id": 47,
    "name": "Maximilian Rossmann",
    "dob": "06.05.1995",
    "height": "192 cm",
    "position": "Defender",
    "quality": 93
  },
  {
    "id": 48,
    "name": "Lazaros Rota",
    "dob": "23.08.1997",
    "height": "180 cm",
    "position": "Defender",
    "quality": 46
  },
  {
    "id": 49,
    "name": "Youri Roulaux",
    "dob": "19.05.1999",
    "height": "179 cm",
    "position": "Goalkeeper",
    "quality": 97
  },
  {
    "id": 0,
    "name": "Robbin Ruiter",
    "dob": "25.03.1987",
    "height": "196 cm",
    "position": "Goalkeeper",
    "quality": 8
  },
  {
    "id": 1,
    "name": "Dylan Ryan",
    "dob": "10.06.2000",
    "height": "184 cm",
    "position": "Defender",
    "quality": 55
  },
  {
    "id": 2,
    "name": "Driess Saddiki",
    "dob": "09.08.1996",
    "height": "179 cm",
    "position": "Midfield",
    "quality": 45
  },
  {
    "id": 3,
    "name": "Michal Sadílek",
    "dob": "31.05.1999",
    "height": "169 cm",
    "position": "Midfield",
    "quality": 40
  },
  {
    "id": 4,
    "name": "Görkem Sağlam",
    "dob": "11.04.1998",
    "height": "178 cm",
    "position": "Midfield",
    "quality": 34
  },
  {
    "id": 5,
    "name": "Stephen Sama",
    "dob": "05.03.1993",
    "height": "188 cm",
    "position": "Defender",
    "quality": 28
  },
  {
    "id": 6,
    "name": "Bassala Sambou",
    "dob": "15.10.1997",
    "height": "184 cm",
    "position": "Attacker",
    "quality": 32
  },
  {
    "id": 7,
    "name": "Lamine Sané",
    "dob": "22.03.1987",
    "height": "195 cm",
    "position": "Defender",
    "quality": 62
  },
  {
    "id": 8,
    "name": "Mustafa Saymak",
    "dob": "11.02.1993",
    "height": "169 cm",
    "position": "Midfield",
    "quality": 95
  },
  {
    "id": 9,
    "name": "Steffen Schäfer",
    "dob": "01.05.1994",
    "height": "189 cm",
    "position": "Defender",
    "quality": 57
  },
  {
    "id": 10,
    "name": "Jasper Schendelaar",
    "dob": "02.09.2000",
    "height": "186 cm",
    "position": "Goalkeeper",
    "quality": 43
  },
  {
    "id": 11,
    "name": "Xandro Schenk",
    "dob": "28.04.1993",
    "height": "187 cm",
    "position": "Defender",
    "quality": 42
  },
  {
    "id": 12,
    "name": "Kjell Scherpen",
    "dob": "23.01.2000",
    "height": "204 cm",
    "position": "Goalkeeper",
    "quality": 92
  },
  {
    "id": 13,
    "name": "Lucas Schoofs",
    "dob": "03.01.1997",
    "height": "186 cm",
    "position": "Midfield",
    "quality": 5
  },
  {
    "id": 14,
    "name": "Youri Schoonderwaldt",
    "dob": "13.03.2000",
    "height": "???",
    "position": "Goalkeeper",
    "quality": 3
  },
  {
    "id": 15,
    "name": "Sam Schreck",
    "dob": "29.01.1999",
    "height": "180 cm",
    "position": "Midfield",
    "quality": 2
  },
  {
    "id": 16,
    "name": "Perr Schuurs",
    "dob": "26.11.1999",
    "height": "191 cm",
    "position": "Defender",
    "quality": 62
  },
  {
    "id": 17,
    "name": "Daniel Schwaab",
    "dob": "23.08.1988",
    "height": "186 cm",
    "position": "Defender",
    "quality": 20
  },
  {
    "id": 18,
    "name": "Lindon Selahi",
    "dob": "26.02.1999",
    "height": "180 cm",
    "position": "Midfield",
    "quality": 70
  },
  {
    "id": 19,
    "name": "Marcos Senesi",
    "dob": "10.05.1997",
    "height": "185 cm",
    "position": "Defender",
    "quality": 15
  },
  {
    "id": 20,
    "name": "Jerome Sinclair",
    "dob": "20.09.1996",
    "height": "181 cm",
    "position": "Attacker",
    "quality": 85
  },
  {
    "id": 21,
    "name": "Luis Sinisterra",
    "dob": "17.06.1999",
    "height": "172 cm",
    "position": "Attacker",
    "quality": 49
  },
  {
    "id": 22,
    "name": "Kian Slor",
    "dob": "23.03.2002",
    "height": "???",
    "position": "Attacker",
    "quality": 43
  },
  {
    "id": 23,
    "name": "Bryan Smeets",
    "dob": "22.11.1992",
    "height": "183 cm",
    "position": "Midfield",
    "quality": 63
  },
  {
    "id": 24,
    "name": "Jorrit Smeets",
    "dob": "25.03.1995",
    "height": "174 cm",
    "position": "Midfield",
    "quality": 27
  },
  {
    "id": 25,
    "name": "Rein Smit",
    "dob": "05.01.2001",
    "height": "188 cm",
    "position": "Attacker",
    "quality": 50
  },
  {
    "id": 26,
    "name": "Tapmahoe Sopacua",
    "dob": "04.05.2000",
    "height": "176 cm",
    "position": "Defender",
    "quality": 16
  },
  {
    "id": 27,
    "name": "Leon Sopić",
    "dob": "28.10.2000",
    "height": "193 cm",
    "position": "Defender",
    "quality": 63
  },
  {
    "id": 28,
    "name": "Sylla Sow",
    "dob": "08.08.1996",
    "height": "182 cm",
    "position": "Attacker",
    "quality": 23
  },
  {
    "id": 29,
    "name": "Jordan Spence",
    "dob": "24.05.1990",
    "height": "188 cm",
    "position": "Defender",
    "quality": 67
  },
  {
    "id": 30,
    "name": "Enver Špijodić",
    "dob": "24.03.2000",
    "height": "196 cm",
    "position": "Goalkeeper",
    "quality": 3
  },
  {
    "id": 31,
    "name": "Fabian Sporkslede",
    "dob": "03.08.1993",
    "height": "178 cm",
    "position": "Defender",
    "quality": 87
  },
  {
    "id": 32,
    "name": "Tommy St. Jago",
    "dob": "03.01.2000",
    "height": "186 cm",
    "position": "Defender",
    "quality": 66
  },
  {
    "id": 33,
    "name": "Calvin Stengs",
    "dob": "18.12.1998",
    "height": "184 cm",
    "position": "Attacker",
    "quality": 32
  },
  {
    "id": 34,
    "name": "Georgios Strezos",
    "dob": "06.07.1995",
    "height": "183 cm",
    "position": "Goalkeeper",
    "quality": 90
  },
  {
    "id": 35,
    "name": "Rico Strieder",
    "dob": "06.07.1992",
    "height": "174 cm",
    "position": "Midfield",
    "quality": 56
  },
  {
    "id": 36,
    "name": "Nicklas Strunck Jakobsen",
    "dob": "17.08.1999",
    "height": "185 cm",
    "position": "Midfield",
    "quality": 40
  },
  {
    "id": 37,
    "name": "Sam Stubbs",
    "dob": "20.11.1998",
    "height": "183 cm",
    "position": "Defender",
    "quality": 9
  },
  {
    "id": 38,
    "name": "Yukinari Sugawara",
    "dob": "28.06.2000",
    "height": "179 cm",
    "position": "Defender",
    "quality": 8
  },
  {
    "id": 39,
    "name": "Crysencio Summerville",
    "dob": "30.10.2001",
    "height": "174 cm",
    "position": "Attacker",
    "quality": 25
  },
  {
    "id": 40,
    "name": "Tomáš Suslov",
    "dob": "07.06.2002",
    "height": "173 cm",
    "position": "Midfield",
    "quality": 45
  },
  {
    "id": 41,
    "name": "Jonas Svensson",
    "dob": "06.03.1993",
    "height": "170 cm",
    "position": "Defender",
    "quality": 43
  },
  {
    "id": 42,
    "name": "Adrian Szöke",
    "dob": "01.07.1998",
    "height": "186 cm",
    "position": "Midfield",
    "quality": 86
  },
  {
    "id": 43,
    "name": "Mohamed Taabouni",
    "dob": "29.03.2002",
    "height": "178 cm",
    "position": "Midfield",
    "quality": 83
  },
  {
    "id": 44,
    "name": "Dušan Tadić",
    "dob": "20.11.1988",
    "height": "181 cm",
    "position": "Attacker",
    "quality": 98
  },
  {
    "id": 45,
    "name": "Nico Tagliafico",
    "dob": "31.08.1992",
    "height": "172 cm",
    "position": "Defender",
    "quality": 17
  },
  {
    "id": 46,
    "name": "Anas Tahiri",
    "dob": "15.05.1995",
    "height": "179 cm",
    "position": "Midfield",
    "quality": 99
  },
  {
    "id": 47,
    "name": "Oussama Tannane",
    "dob": "23.03.1994",
    "height": "177 cm",
    "position": "Attacker",
    "quality": 86
  },
  {
    "id": 48,
    "name": "Renato Tapia",
    "dob": "28.07.1995",
    "height": "185 cm",
    "position": "Midfield",
    "quality": 42
  },
  {
    "id": 49,
    "name": "Shani Tarashaj",
    "dob": "07.02.1995",
    "height": "176 cm",
    "position": "Attacker",
    "quality": 85
  },
  {
    "id": 0,
    "name": "Mike te Wierik",
    "dob": "08.06.1992",
    "height": "191 cm",
    "position": "Defender",
    "quality": 24
  },
  {
    "id": 1,
    "name": "Tesfaldet Tekie",
    "dob": "04.06.1997",
    "height": "175 cm",
    "position": "Midfield",
    "quality": 41
  },
  {
    "id": 2,
    "name": "Dennis Telgenkamp",
    "dob": "09.05.1987",
    "height": "192 cm",
    "position": "Goalkeeper",
    "quality": 21
  },
  {
    "id": 3,
    "name": "Ramón ten Hove",
    "dob": "03.03.1998",
    "height": "194 cm",
    "position": "Goalkeeper",
    "quality": 65
  },
  {
    "id": 4,
    "name": "Jordan Teze",
    "dob": "30.09.1999",
    "height": "183 cm",
    "position": "Defender",
    "quality": 91
  },
  {
    "id": 5,
    "name": "George Thomas",
    "dob": "24.03.1997",
    "height": "173 cm",
    "position": "Attacker",
    "quality": 33
  },
  {
    "id": 6,
    "name": "Ryan Thomas",
    "dob": "20.12.1994",
    "height": "176 cm",
    "position": "Midfield",
    "quality": 26
  },
  {
    "id": 7,
    "name": "Lennart Thy",
    "dob": "25.02.1992",
    "height": "184 cm",
    "position": "Attacker",
    "quality": 69
  },
  {
    "id": 8,
    "name": "Jurriën Timber",
    "dob": "17.06.2001",
    "height": "179 cm",
    "position": "Defender",
    "quality": 39
  },
  {
    "id": 9,
    "name": "Victor Timmers",
    "dob": "24.06.2000",
    "height": "???",
    "position": "Goalkeeper",
    "quality": 90
  },
  {
    "id": 10,
    "name": "Jens Toornstra",
    "dob": "04.04.1989",
    "height": "177 cm",
    "position": "Midfield",
    "quality": 21
  },
  {
    "id": 11,
    "name": "Lassina Traoré",
    "dob": "12.01.2001",
    "height": "182 cm",
    "position": "Attacker",
    "quality": 75
  },
  {
    "id": 12,
    "name": "Mike Trésor",
    "dob": "28.05.1999",
    "height": "173 cm",
    "position": "Midfield",
    "quality": 64
  },
  {
    "id": 13,
    "name": "Sondre Tronstad",
    "dob": "26.08.1995",
    "height": "174 cm",
    "position": "Midfield",
    "quality": 15
  },
  {
    "id": 14,
    "name": "Giovanni Troupée",
    "dob": "20.03.1998",
    "height": "181 cm",
    "position": "Defender",
    "quality": 79
  },
  {
    "id": 15,
    "name": "Filip Ugrinić",
    "dob": "05.01.1999",
    "height": "184 cm",
    "position": "Midfield",
    "quality": 24
  },
  {
    "id": 16,
    "name": "Adnan Ugur",
    "dob": "28.06.2001",
    "height": "170 cm",
    "position": "Midfield",
    "quality": 14
  },
  {
    "id": 17,
    "name": "Lars Unnerstall",
    "dob": "20.07.1990",
    "height": "198 cm",
    "position": "Goalkeeper",
    "quality": 0
  },
  {
    "id": 18,
    "name": "Naci Ünüvar",
    "dob": "13.06.2003",
    "height": "???",
    "position": "Attacker",
    "quality": 99
  },
  {
    "id": 19,
    "name": "Etienne Vaessen",
    "dob": "26.07.1995",
    "height": "189 cm",
    "position": "Goalkeeper",
    "quality": 13
  },
  {
    "id": 20,
    "name": "Sven van Beek",
    "dob": "28.07.1994",
    "height": "189 cm",
    "position": "Defender",
    "quality": 1
  },
  {
    "id": 21,
    "name": "Jelle van Benthem",
    "dob": "22.01.1999",
    "height": "191 cm",
    "position": "Defender",
    "quality": 49
  },
  {
    "id": 22,
    "name": "Mitchell van Bergen",
    "dob": "27.08.1999",
    "height": "170 cm",
    "position": "Attacker",
    "quality": 28
  },
  {
    "id": 23,
    "name": "Mick van Buren",
    "dob": "24.08.1992",
    "height": "184 cm",
    "position": "Attacker",
    "quality": 26
  },
  {
    "id": 24,
    "name": "Delano van Crooij",
    "dob": "05.06.1991",
    "height": "185 cm",
    "position": "Goalkeeper",
    "quality": 36
  },
  {
    "id": 25,
    "name": "Vito van Crooij",
    "dob": "29.01.1996",
    "height": "179 cm",
    "position": "Attacker",
    "quality": 11
  },
  {
    "id": 26,
    "name": "Donny van de Beek",
    "dob": "18.04.1997",
    "height": "184 cm",
    "position": "Midfield",
    "quality": 28
  },
  {
    "id": 27,
    "name": "Mike van de Meulenhof",
    "dob": "11.05.1999",
    "height": "179 cm",
    "position": "Goalkeeper",
    "quality": 52
  },
  {
    "id": 28,
    "name": "Sander van de Streek",
    "dob": "24.03.1993",
    "height": "180 cm",
    "position": "Midfield",
    "quality": 9
  },
  {
    "id": 29,
    "name": "Thomas van den Belt",
    "dob": "18.06.2001",
    "height": "181 cm",
    "position": "Midfield",
    "quality": 26
  },
  {
    "id": 30,
    "name": "Connor van den Berg",
    "dob": "18.03.2001",
    "height": "187 cm",
    "position": "Goalkeeper",
    "quality": 82
  },
  {
    "id": 31,
    "name": "Dario Van Den Buijs",
    "dob": "12.09.1995",
    "height": "188 cm",
    "position": "Defender",
    "quality": 32
  },
  {
    "id": 32,
    "name": "Quinten van den Heerik",
    "dob": "18.03.2002",
    "height": "???",
    "position": "Attacker",
    "quality": 83
  },
  {
    "id": 33,
    "name": "Ennio van der Gouw",
    "dob": "01.01.2001",
    "height": "195 cm",
    "position": "Goalkeeper",
    "quality": 15
  },
  {
    "id": 34,
    "name": "Arjen van der Heide",
    "dob": "19.11.2001",
    "height": "174 cm",
    "position": "Attacker",
    "quality": 24
  },
  {
    "id": 35,
    "name": "Jan-Arie van der Heijden",
    "dob": "03.03.1988",
    "height": "186 cm",
    "position": "Defender",
    "quality": 87
  },
  {
    "id": 36,
    "name": "Stefan van der Lei",
    "dob": "05.03.1993",
    "height": "186 cm",
    "position": "Goalkeeper",
    "quality": 70
  },
  {
    "id": 37,
    "name": "Mark van der Maarel",
    "dob": "12.08.1989",
    "height": "177 cm",
    "position": "Defender",
    "quality": 94
  },
  {
    "id": 38,
    "name": "Richard van der Venne",
    "dob": "16.05.1992",
    "height": "173 cm",
    "position": "Midfield",
    "quality": 15
  },
  {
    "id": 39,
    "name": "Silvester van der Water",
    "dob": "30.09.1996",
    "height": "184 cm",
    "position": "Attacker",
    "quality": 39
  },
  {
    "id": 40,
    "name": "Stan van Dijck",
    "dob": "07.10.2000",
    "height": "195 cm",
    "position": "Defender",
    "quality": 94
  },
  {
    "id": 41,
    "name": "Marco van Duin",
    "dob": "11.02.1987",
    "height": "190 cm",
    "position": "Goalkeeper",
    "quality": 67
  },
  {
    "id": 42,
    "name": "Mike van Duinen",
    "dob": "06.11.1991",
    "height": "185 cm",
    "position": "Attacker",
    "quality": 0
  },
  {
    "id": 43,
    "name": "Milan van Ewijk",
    "dob": "08.09.2000",
    "height": "175 cm",
    "position": "Defender",
    "quality": 96
  },
  {
    "id": 44,
    "name": "Bart van Hintum",
    "dob": "16.01.1987",
    "height": "177 cm",
    "position": "Defender",
    "quality": 43
  },
  {
    "id": 45,
    "name": "Daniël van Kaam",
    "dob": "23.06.2000",
    "height": "175 cm",
    "position": "Midfield",
    "quality": 55
  },
  {
    "id": 46,
    "name": "Joël van Kaam",
    "dob": "08.03.2002",
    "height": "???",
    "position": "Attacker",
    "quality": 66
  },
  {
    "id": 47,
    "name": "Mats van Kins",
    "dob": "17.12.1998",
    "height": "182 cm",
    "position": "Midfield",
    "quality": 65
  },
  {
    "id": 48,
    "name": "Lorenzo van Kleef",
    "dob": "26.01.2001",
    "height": "183 cm",
    "position": "Midfield",
    "quality": 23
  },
  {
    "id": 49,
    "name": "Benjamin van Leer",
    "dob": "09.04.1992",
    "height": "187 cm",
    "position": "Goalkeeper",
    "quality": 48
  },
  {
    "id": 0,
    "name": "Killian van Mil",
    "dob": "08.08.1999",
    "height": "???",
    "position": "Attacker",
    "quality": 61
  },
  {
    "id": 1,
    "name": "Peter van Ooijen",
    "dob": "16.02.1992",
    "height": "180 cm",
    "position": "Midfield",
    "quality": 54
  },
  {
    "id": 2,
    "name": "Yanick van Osch",
    "dob": "24.03.1997",
    "height": "183 cm",
    "position": "Goalkeeper",
    "quality": 46
  },
  {
    "id": 3,
    "name": "Joris van Overeem",
    "dob": "01.06.1994",
    "height": "181 cm",
    "position": "Midfield",
    "quality": 58
  },
  {
    "id": 4,
    "name": "Bram van Polen",
    "dob": "11.10.1985",
    "height": "179 cm",
    "position": "Defender",
    "quality": 9
  },
  {
    "id": 5,
    "name": "Ricardo van Rhijn",
    "dob": "13.06.1991",
    "height": "180 cm",
    "position": "Defender",
    "quality": 5
  },
  {
    "id": 6,
    "name": "Mitchell van Rooijen",
    "dob": "22.12.1998",
    "height": "178 cm",
    "position": "Midfield",
    "quality": 50
  },
  {
    "id": 7,
    "name": "Ingo van Weert",
    "dob": "08.02.1994",
    "height": "185 cm",
    "position": "Defender",
    "quality": 96
  },
  {
    "id": 8,
    "name": "Sai van Wermeskerken",
    "dob": "28.06.1994",
    "height": "178 cm",
    "position": "Defender",
    "quality": 68
  },
  {
    "id": 9,
    "name": "Keziah Veendorp",
    "dob": "17.02.1997",
    "height": "185 cm",
    "position": "Defender",
    "quality": 72
  },
  {
    "id": 10,
    "name": "Joey Veerman",
    "dob": "19.11.1998",
    "height": "185 cm",
    "position": "Midfield",
    "quality": 97
  },
  {
    "id": 11,
    "name": "Odysseus Velanas",
    "dob": "05.06.1998",
    "height": "180 cm",
    "position": "Midfield",
    "quality": 18
  },
  {
    "id": 12,
    "name": "Stefan Velkov",
    "dob": "12.12.1996",
    "height": "192 cm",
    "position": "Defender",
    "quality": 7
  },
  {
    "id": 13,
    "name": "Joël Veltman",
    "dob": "15.01.1992",
    "height": "184 cm",
    "position": "Defender",
    "quality": 11
  },
  {
    "id": 14,
    "name": "Dylan Vente",
    "dob": "09.05.1999",
    "height": "184 cm",
    "position": "Attacker",
    "quality": 71
  },
  {
    "id": 15,
    "name": "Bram Verbong",
    "dob": "23.12.1999",
    "height": "186 cm",
    "position": "Goalkeeper",
    "quality": 52
  },
  {
    "id": 16,
    "name": "Calvin Verdonk",
    "dob": "26.04.1997",
    "height": "174 cm",
    "position": "Defender",
    "quality": 73
  },
  {
    "id": 17,
    "name": "Paul Verhaegh",
    "dob": "01.09.1983",
    "height": "178 cm",
    "position": "Defender",
    "quality": 86
  },
  {
    "id": 18,
    "name": "Delano Vianello",
    "dob": "14.09.2002",
    "height": "???",
    "position": "Defender",
    "quality": 90
  },
  {
    "id": 19,
    "name": "Nick Viergever",
    "dob": "03.08.1989",
    "height": "183 cm",
    "position": "Defender",
    "quality": 65
  },
  {
    "id": 20,
    "name": "Ron Vlaar",
    "dob": "16.02.1985",
    "height": "189 cm",
    "position": "Defender",
    "quality": 33
  },
  {
    "id": 21,
    "name": "Bart Vriends",
    "dob": "09.05.1991",
    "height": "188 cm",
    "position": "Defender",
    "quality": 85
  },
  {
    "id": 22,
    "name": "Patrick Vroegh",
    "dob": "29.11.1999",
    "height": "175 cm",
    "position": "Midfield",
    "quality": 80
  },
  {
    "id": 23,
    "name": "Marios Vrousai",
    "dob": "02.07.1998",
    "height": "183 cm",
    "position": "Midfield",
    "quality": 29
  },
  {
    "id": 24,
    "name": "Haris Vučkić",
    "dob": "21.08.1992",
    "height": "186 cm",
    "position": "Attacker",
    "quality": 80
  },
  {
    "id": 25,
    "name": "Django Warmerdam",
    "dob": "02.09.1995",
    "height": "180 cm",
    "position": "Defender",
    "quality": 75
  },
  {
    "id": 26,
    "name": "Henri Weigelt",
    "dob": "17.01.1998",
    "height": "192 cm",
    "position": "Defender",
    "quality": 9
  },
  {
    "id": 27,
    "name": "Timon Wellenreuther",
    "dob": "03.12.1995",
    "height": "188 cm",
    "position": "Goalkeeper",
    "quality": 24
  },
  {
    "id": 28,
    "name": "Jarno Westerman",
    "dob": "08.06.2002",
    "height": "183 cm",
    "position": "Attacker",
    "quality": 58
  },
  {
    "id": 29,
    "name": "Paul Wienhoven",
    "dob": "18.02.2000",
    "height": "180 cm",
    "position": "Midfield",
    "quality": 78
  },
  {
    "id": 30,
    "name": "Owen Wijndal",
    "dob": "28.11.1999",
    "height": "176 cm",
    "position": "Defender",
    "quality": 22
  },
  {
    "id": 31,
    "name": "Michael Woud",
    "dob": "16.01.1999",
    "height": "196 cm",
    "position": "Goalkeeper",
    "quality": 58
  },
  {
    "id": 32,
    "name": "Lucas Woudenberg",
    "dob": "25.04.1994",
    "height": "186 cm",
    "position": "Defender",
    "quality": 11
  },
  {
    "id": 33,
    "name": "Haji Wright",
    "dob": "27.03.1998",
    "height": "193 cm",
    "position": "Attacker",
    "quality": 76
  },
  {
    "id": 34,
    "name": "Stijn Wuytens",
    "dob": "08.10.1989",
    "height": "183 cm",
    "position": "Defender",
    "quality": 86
  },
  {
    "id": 35,
    "name": "John Yeboah",
    "dob": "23.06.2000",
    "height": "170 cm",
    "position": "Attacker",
    "quality": 19
  },
  {
    "id": 36,
    "name": "Deyovaisio Zeefuik",
    "dob": "11.03.1998",
    "height": "177 cm",
    "position": "Defender",
    "quality": 76
  },
  {
    "id": 37,
    "name": "Rafik Zekhnini",
    "dob": "12.01.1998",
    "height": "179 cm",
    "position": "Attacker",
    "quality": 60
  },
  {
    "id": 38,
    "name": "Ramiz Zerrouki",
    "dob": "26.05.1998",
    "height": "183 cm",
    "position": "Midfield",
    "quality": 54
  },
  {
    "id": 39,
    "name": "Michael Zetterer",
    "dob": "12.07.1995",
    "height": "187 cm",
    "position": "Goalkeeper",
    "quality": 78
  },
  {
    "id": 40,
    "name": "Hakim Ziyech",
    "dob": "19.03.1993",
    "height": "181 cm",
    "position": "Attacker",
    "quality": 29
  },
  {
    "id": 41,
    "name": "Jeroen Zoet",
    "dob": "06.01.1991",
    "height": "189 cm",
    "position": "Goalkeeper",
    "quality": 51
  },
  {
    "id": 42,
    "name": "Rick Zuijderwijk",
    "dob": "13.04.2001",
    "height": "???",
    "position": "Attacker",
    "quality": 67
  },
  {
    "id": 43,
    "name": "Giovanni Zwikstra",
    "dob": "06.03.2001",
    "height": "???",
    "position": "Attacker",
    "quality": 74
  },
  {
    "id": 44,
    "name": "Robert Zwinkels",
    "dob": "04.05.1983",
    "height": "186 cm",
    "position": "Goalkeeper",
    "quality": 96
  }
]