[
    {
        "id": 1,
        "name": "SC Heerenveen",
        "city": "Heerenveen",
        "stadium": "Abe Lenstra Stadion",
        "surface": "Grass",
        "since": 1993
    },
    {
        "id": 2,
        "name": "Ajax",
        "city": "Amsterdam",
        "stadium": "Johan Cruijff ArenA",
        "surface": "Hybrid",
        "since": 1956
    },
    {
        "id": 3,
        "name": "AZ",
        "city": "Alkmaar",
        "stadium": "AFAS Stadion",
        "surface": "Hybrid",
        "since": 1998
    },
    {
        "id": 4,
        "name": "SC Cambuur",
        "city": "Leeuwarden",
        "stadium": "Cambuurstadion",
        "surface": "ArtificialGrass",
        "since": 2021
    },
    {
        "id": 5,
        "name": "Feyenoord",
        "city": "Rotterdam",
        "stadium": "De Kuip",
        "surface": "Hybrid",
        "since": 1956
    },
    {
        "id": 6,
        "name": "Fortuna Sittard",
        "city": "Sittard",
        "stadium": "Fortuna Sittard Stadion",
        "surface": "Grass",
        "since": 2018
    },
    {
        "id": 7,
        "name": "Go Ahead Eagles",
        "city": "Deventer",
        "stadium": "De Adelaarshorst",
        "surface": "Grass",
        "since": 2021
    },
    {
        "id": 8,
        "name": "FC Groningen",
        "city": "Groningen",
        "stadium": "Euroborg",
        "surface": "Hybrid",
        "since": 2000
    },
    {
        "id": 9,
        "name": "Heracles Almelo",
        "city": "Almelo",
        "stadium": "Erve Asito",
        "surface": "ArtificialGrass",
        "since": 2005
    },
    {
        "id": 10,
        "name": "N.E.C.",
        "city": "Nijmegen",
        "stadium": "Goffertstadion",
        "surface": "Grass",
        "since": 2021
    },
    {
        "id": 11,
        "name": "PSV",
        "city": "Eindhoven",
        "stadium": "Phillips Stadion",
        "surface": "Grass",
        "since": 1956
    },
    {
        "id": 12,
        "name": "PEC Zwolle",
        "city": "Zwolle",
        "stadium": "MAC³PARK Stadion",
        "surface": "Grass",
        "since": 2012
    },
    {
        "id": 13,
        "name": "RKC Waalwijk",
        "city": "Waalwijk",
        "stadium": "Mandemakers Stadion",
        "surface": "Grass",
        "since": 2019
    },
    {
        "id": 14,
        "name": "Sparta Rotterdam",
        "city": "Rotterdam",
        "stadium": "Het Kasteel",
        "surface": "Grass",
        "since": 2019
    },
    {
        "id": 15,
        "name": "FC Twente",
        "city": "Enschede",
        "stadium": "De Grolsch Veste",
        "surface": "Grass",
        "since": 2019
    },
    {
        "id": 16,
        "name": "FC Utrecht",
        "city": "Utrecht",
        "stadium": "Stadion Galgenwaard",
        "surface": "Grass",
        "since": 1970
    },
    {
        "id": 17,
        "name": "Vitesse",
        "city": "Arnhem",
        "stadium": "Gelredome",
        "surface": "Hybrid",
        "since": 1989
    },
    {
        "id": 18,
        "name": "Willem II",
        "city": "Tilburg",
        "stadium": "Koning Willem II Stadion",
        "surface": "Grass",
        "since": 2014
    }
]