[
  {
    "team": {
      "id": 1,
      "name": "SC Heerenveen",
      "city": "Heerenveen",
      "stadium": "Abe Lenstra Stadion",
      "surface": "Grass",
      "since": 1993
    },
    "players": [
      {
        "id": 33,
        "name": "Nick Bakker",
        "dob": "21.07.1992",
        "height": "189 cm",
        "position": "Defender",
        "quality": 25
      },
      {
        "id": 5,
        "name": "Aleksandar Bjelica",
        "dob": "07.01.1994",
        "height": "187 cm",
        "position": "Defender",
        "quality": 66
      },
      {
        "id": 23,
        "name": "Michael Brouwer",
        "dob": "21.01.1993",
        "height": "190 cm",
        "position": "Goalkeeper",
        "quality": 71
      },
      {
        "id": 32,
        "name": "Jacky Donkor",
        "dob": "12.11.1998",
        "height": "176 cm",
        "position": "Attacker",
        "quality": 87
      },
      {
        "id": 6,
        "name": "Stanley Elbers",
        "dob": "14.05.1992",
        "height": "173 cm",
        "position": "Attacker",
        "quality": 76
      },
      {
        "id": 8,
        "name": " Eric Botteghin",
        "dob": "31.08.1987",
        "height": "193 cm",
        "position": "Defender",
        "quality": 87
      },
      {
        "id": 29,
        "name": "Paul Gladon",
        "dob": "18.03.1992",
        "height": "188 cm",
        "position": "Attacker",
        "quality": 22
      },
      {
        "id": 20,
        "name": "Zakaria Labyad",
        "dob": "09.03.1993",
        "height": "175 cm",
        "position": "Midfield",
        "quality": 98
      },
      {
        "id": 43,
        "name": "Eros Maddy",
        "dob": "05.02.2001",
        "height": "???",
        "position": "Attacker",
        "quality": 79
      },
      {
        "id": 40,
        "name": "Tomáš Suslov",
        "dob": "07.06.2002",
        "height": "173 cm",
        "position": "Midfield",
        "quality": 45
      },
      {
        "id": 42,
        "name": "Amadou Ciss",
        "dob": "07.09.1999",
        "height": "186 cm",
        "position": "Midfield",
        "quality": 84
      }
    ]
  },
  {
    "team": {
      "id": 2,
      "name": "Ajax",
      "city": "Amsterdam",
      "stadium": "Johan Cruijff ArenA",
      "surface": "Hybrid",
      "since": 1956
    },
    "players": [
      {
        "id": 33,
        "name": "Nick Bakker",
        "dob": "21.07.1992",
        "height": "189 cm",
        "position": "Defender",
        "quality": 25
      },
      {
        "id": 24,
        "name": "Lukas Browning Lagerfeldt",
        "dob": "06.01.1999",
        "height": "???",
        "position": "Defender",
        "quality": 10
      },
      {
        "id": 9,
        "name": "Eli Dasa",
        "dob": "03.12.1992",
        "height": "178 cm",
        "position": "Defender",
        "quality": 95
      },
      {
        "id": 31,
        "name": "John Goossens",
        "dob": "25.07.1988",
        "height": "176 cm",
        "position": "Midfield",
        "quality": 56
      },
      {
        "id": 3,
        "name": "Abdou Harroui",
        "dob": "13.01.1998",
        "height": "181 cm",
        "position": "Midfield",
        "quality": 55
      },
      {
        "id": 41,
        "name": "Ramon Lundqvist",
        "dob": "10.05.1997",
        "height": "178 cm",
        "position": "Midfield",
        "quality": 80
      },
      {
        "id": 39,
        "name": "Thijmen Nijhuis",
        "dob": "25.07.1998",
        "height": "196 cm",
        "position": "Goalkeeper",
        "quality": 50
      },
      {
        "id": 5,
        "name": "Lennerd Daneels",
        "dob": "10.04.1998",
        "height": "172 cm",
        "position": "Attacker",
        "quality": 38
      },
      {
        "id": 35,
        "name": "Cyril Ngonge",
        "dob": "26.05.2000",
        "height": "179 cm",
        "position": "Attacker",
        "quality": 69
      },
      {
        "id": 27,
        "name": "Freddy Quispel",
        "dob": "23.10.2000",
        "height": "177 cm",
        "position": "Attacker",
        "quality": 8
      },
      {
        "id": 49,
        "name": "Sontje Hansen",
        "dob": "18.05.2002",
        "height": "172 cm",
        "position": "Attacker",
        "quality": 80
      }
    ]
  },
  {
    "team": {
      "id": 3,
      "name": "AZ",
      "city": "Alkmaar",
      "stadium": "AFAS Stadion",
      "surface": "Hybrid",
      "since": 1998
    },
    "players": [
      {
        "id": 25,
        "name": "Ryan Babel",
        "dob": "19.12.1986",
        "height": "185 cm",
        "position": "Attacker",
        "quality": 57
      },
      {
        "id": 49,
        "name": "Peet Bijen",
        "dob": "28.01.1995",
        "height": "189 cm",
        "position": "Defender",
        "quality": 73
      },
      {
        "id": 21,
        "name": "Tim Breukers",
        "dob": "04.11.1987",
        "height": "182 cm",
        "position": "Defender",
        "quality": 36
      },
      {
        "id": 31,
        "name": "Wouter Burger",
        "dob": "16.02.2001",
        "height": "190 cm",
        "position": "Midfield",
        "quality": 87
      },
      {
        "id": 36,
        "name": "Gabi Caschili",
        "dob": "14.07.2003",
        "height": "???",
        "position": "Midfield",
        "quality": 99
      },
      {
        "id": 49,
        "name": "Gabriël Çulhacı",
        "dob": "20.12.1999",
        "height": "180 cm",
        "position": "Defender",
        "quality": 44
      },
      {
        "id": 15,
        "name": "Hicham Faik",
        "dob": "19.03.1993",
        "height": "189 cm",
        "position": "Midfield",
        "quality": 51
      },
      {
        "id": 39,
        "name": "Patrick Joosten",
        "dob": "14.04.1996",
        "height": "177 cm",
        "position": "Attacker",
        "quality": 24
      },
      {
        "id": 6,
        "name": "Bassala Sambou",
        "dob": "15.10.1997",
        "height": "184 cm",
        "position": "Attacker",
        "quality": 32
      },
      {
        "id": 30,
        "name": "Connor van den Berg",
        "dob": "18.03.2001",
        "height": "187 cm",
        "position": "Goalkeeper",
        "quality": 82
      },
      {
        "id": 2,
        "name": "Morad el Haddouti",
        "dob": "09.05.1998",
        "height": "???",
        "position": "Attacker",
        "quality": 65
      }
    ]
  },
  {
    "team": {
      "id": 4,
      "name": "SC Cambuur",
      "city": "Leeuwarden",
      "stadium": "Cambuurstadion",
      "surface": "ArtificialGrass",
      "since": 2021
    },
    "players": [
      {
        "id": 2,
        "name": " Dalmau",
        "dob": "27.03.1994",
        "height": "182 cm",
        "position": "Attacker",
        "quality": 38
      },
      {
        "id": 36,
        "name": " João Queirós",
        "dob": "22.04.1998",
        "height": "192 cm",
        "position": "Defender",
        "quality": 85
      },
      {
        "id": 9,
        "name": "Rodney Kongolo",
        "dob": "09.01.1998",
        "height": "187 cm",
        "position": "Midfield",
        "quality": 72
      },
      {
        "id": 23,
        "name": "Mick van Buren",
        "dob": "24.08.1992",
        "height": "184 cm",
        "position": "Attacker",
        "quality": 26
      },
      {
        "id": 29,
        "name": "Saïd Bakari",
        "dob": "22.09.1994",
        "height": "178 cm",
        "position": "Defender",
        "quality": 52
      },
      {
        "id": 38,
        "name": "Lee Cattermole",
        "dob": "21.03.1988",
        "height": "178 cm",
        "position": "Midfield",
        "quality": 34
      },
      {
        "id": 42,
        "name": "Amadou Ciss",
        "dob": "07.09.1999",
        "height": "186 cm",
        "position": "Midfield",
        "quality": 84
      },
      {
        "id": 23,
        "name": "Xavier Mous",
        "dob": "04.08.1995",
        "height": "188 cm",
        "position": "Goalkeeper",
        "quality": 66
      },
      {
        "id": 28,
        "name": "Charly Musonda",
        "dob": "15.10.1996",
        "height": "173 cm",
        "position": "Attacker",
        "quality": 53
      },
      {
        "id": 43,
        "name": "Giovanni Zwikstra",
        "dob": "06.03.2001",
        "height": "???",
        "position": "Attacker",
        "quality": 74
      },
      {
        "id": 40,
        "name": "Stan van Dijck",
        "dob": "07.10.2000",
        "height": "195 cm",
        "position": "Defender",
        "quality": 94
      }
    ]
  },
  {
    "team": {
      "id": 5,
      "name": "Feyenoord",
      "city": "Rotterdam",
      "stadium": "De Kuip",
      "surface": "Hybrid",
      "since": 1956
    },
    "players": [
      {
        "id": 12,
        "name": " Álex Carbonell",
        "dob": "15.09.1997",
        "height": "182 cm",
        "position": "Midfield",
        "quality": 2
      },
      {
        "id": 21,
        "name": "Joel Asoro",
        "dob": "27.04.1999",
        "height": "175 cm",
        "position": "Attacker",
        "quality": 68
      },
      {
        "id": 33,
        "name": "Nick Bakker",
        "dob": "21.07.1992",
        "height": "189 cm",
        "position": "Defender",
        "quality": 25
      },
      {
        "id": 49,
        "name": "Peet Bijen",
        "dob": "28.01.1995",
        "height": "189 cm",
        "position": "Defender",
        "quality": 73
      },
      {
        "id": 39,
        "name": "Jesper Drost",
        "dob": "11.01.1993",
        "height": "181 cm",
        "position": "Midfield",
        "quality": 92
      },
      {
        "id": 2,
        "name": "Jeff Hardeveld",
        "dob": "27.02.1995",
        "height": "184 cm",
        "position": "Defender",
        "quality": 18
      },
      {
        "id": 47,
        "name": " Oriol Busquets",
        "dob": "20.01.1999",
        "height": "185 cm",
        "position": "Midfield",
        "quality": 76
      },
      {
        "id": 46,
        "name": "Joël van Kaam",
        "dob": "08.03.2002",
        "height": "???",
        "position": "Attacker",
        "quality": 66
      },
      {
        "id": 27,
        "name": " Bruno Varela",
        "dob": "04.11.1994",
        "height": "191 cm",
        "position": "Goalkeeper",
        "quality": 71
      },
      {
        "id": 46,
        "name": "Johnathan Opoku",
        "dob": "18.04.1990",
        "height": "187 cm",
        "position": "Attacker",
        "quality": 31
      },
      {
        "id": 18,
        "name": "Elson Hooi",
        "dob": "01.10.1991",
        "height": "164 cm",
        "position": "Attacker",
        "quality": 47
      }
    ]
  },
  {
    "team": {
      "id": 6,
      "name": "Fortuna Sittard",
      "city": "Sittard",
      "stadium": "Fortuna Sittard Stadion",
      "surface": "Grass",
      "since": 2018
    },
    "players": [
      {
        "id": 14,
        "name": "Rody de Boer",
        "dob": "22.08.1997",
        "height": "189 cm",
        "position": "Goalkeeper",
        "quality": 0
      },
      {
        "id": 26,
        "name": "Sergiño Dest",
        "dob": "03.11.2000",
        "height": "175 cm",
        "position": "Defender",
        "quality": 7
      },
      {
        "id": 29,
        "name": "Mark Diemers",
        "dob": "11.10.1993",
        "height": "178 cm",
        "position": "Midfield",
        "quality": 81
      },
      {
        "id": 2,
        "name": "Jeff Hardeveld",
        "dob": "27.02.1995",
        "height": "184 cm",
        "position": "Defender",
        "quality": 18
      },
      {
        "id": 27,
        "name": "Dimitrios Ioannidis",
        "dob": "13.02.2000",
        "height": "183 cm",
        "position": "Midfield",
        "quality": 97
      },
      {
        "id": 34,
        "name": "Julian Lelieveld",
        "dob": "09.07.1997",
        "height": "178 cm",
        "position": "Defender",
        "quality": 15
      },
      {
        "id": 1,
        "name": "Thijs Dallinga",
        "dob": "03.08.2000",
        "height": "180 cm",
        "position": "Attacker",
        "quality": 92
      },
      {
        "id": 6,
        "name": "Mitchell van Rooijen",
        "dob": "22.12.1998",
        "height": "178 cm",
        "position": "Midfield",
        "quality": 50
      },
      {
        "id": 43,
        "name": "Giovanni Zwikstra",
        "dob": "06.03.2001",
        "height": "???",
        "position": "Attacker",
        "quality": 74
      },
      {
        "id": 27,
        "name": "Djibril Dianessy",
        "dob": "29.03.1996",
        "height": "182 cm",
        "position": "Attacker",
        "quality": 47
      },
      {
        "id": 40,
        "name": "Nicolai Jørgensen",
        "dob": "15.01.1991",
        "height": "190 cm",
        "position": "Attacker",
        "quality": 90
      }
    ]
  },
  {
    "team": {
      "id": 7,
      "name": "Go Ahead Eagles",
      "city": "Deventer",
      "stadium": "De Adelaarshorst",
      "surface": "Grass",
      "since": 2021
    },
    "players": [
      {
        "id": 3,
        "name": "Giorgi Aburjania",
        "dob": "02.01.1995",
        "height": "186 cm",
        "position": "Midfield",
        "quality": 37
      },
      {
        "id": 18,
        "name": "Miguel Araujo",
        "dob": "24.10.1994",
        "height": "180 cm",
        "position": "Defender",
        "quality": 42
      },
      {
        "id": 37,
        "name": "Gabriel Gudmundsson",
        "dob": "29.04.1999",
        "height": "181 cm",
        "position": "Midfield",
        "quality": 61
      },
      {
        "id": 47,
        "name": "Donyell Malen",
        "dob": "19.01.1999",
        "height": "179 cm",
        "position": "Attacker",
        "quality": 0
      },
      {
        "id": 11,
        "name": "Xandro Schenk",
        "dob": "28.04.1993",
        "height": "187 cm",
        "position": "Defender",
        "quality": 42
      },
      {
        "id": 41,
        "name": "Jonas Svensson",
        "dob": "06.03.1993",
        "height": "170 cm",
        "position": "Defender",
        "quality": 43
      },
      {
        "id": 43,
        "name": "Giovanni Zwikstra",
        "dob": "06.03.2001",
        "height": "???",
        "position": "Attacker",
        "quality": 74
      },
      {
        "id": 21,
        "name": "Joel Asoro",
        "dob": "27.04.1999",
        "height": "175 cm",
        "position": "Attacker",
        "quality": 68
      },
      {
        "id": 34,
        "name": "Remco Balk",
        "dob": "02.03.2001",
        "height": "173 cm",
        "position": "Attacker",
        "quality": 87
      },
      {
        "id": 43,
        "name": "Mark Duffy",
        "dob": "07.10.1985",
        "height": "175 cm",
        "position": "Midfield",
        "quality": 50
      },
      {
        "id": 13,
        "name": "Jan de Boer",
        "dob": "20.05.2000",
        "height": "199 cm",
        "position": "Goalkeeper",
        "quality": 37
      }
    ]
  },
  {
    "team": {
      "id": 8,
      "name": "FC Groningen",
      "city": "Groningen",
      "stadium": "Euroborg",
      "surface": "Hybrid",
      "since": 2000
    },
    "players": [
      {
        "id": 16,
        "name": "Róbert Boženík",
        "dob": "18.11.1999",
        "height": "188 cm",
        "position": "Attacker",
        "quality": 61
      },
      {
        "id": 38,
        "name": "Lee Cattermole",
        "dob": "21.03.1988",
        "height": "178 cm",
        "position": "Midfield",
        "quality": 34
      },
      {
        "id": 6,
        "name": " Danilo",
        "dob": "07.04.1999",
        "height": "174 cm",
        "position": "Attacker",
        "quality": 33
      },
      {
        "id": 5,
        "name": "Pantelis Hatzidiakos",
        "dob": "18.01.1997",
        "height": "181 cm",
        "position": "Defender",
        "quality": 45
      },
      {
        "id": 26,
        "name": "Lex Immers",
        "dob": "08.06.1986",
        "height": "188 cm",
        "position": "Midfield",
        "quality": 23
      },
      {
        "id": 31,
        "name": "Anco Jansen",
        "dob": "09.03.1989",
        "height": "186 cm",
        "position": "Attacker",
        "quality": 70
      },
      {
        "id": 0,
        "name": "Sam Kersten",
        "dob": "30.01.1998",
        "height": "191 cm",
        "position": "Defender",
        "quality": 83
      },
      {
        "id": 4,
        "name": "Mats Knoester",
        "dob": "19.11.1998",
        "height": "186 cm",
        "position": "Defender",
        "quality": 91
      },
      {
        "id": 22,
        "name": "Romano Postema",
        "dob": "07.02.2002",
        "height": "175 cm",
        "position": "Attacker",
        "quality": 61
      },
      {
        "id": 39,
        "name": "Dante Rigo",
        "dob": "11.12.1998",
        "height": "180 cm",
        "position": "Midfield",
        "quality": 2
      },
      {
        "id": 24,
        "name": "Delano van Crooij",
        "dob": "05.06.1991",
        "height": "185 cm",
        "position": "Goalkeeper",
        "quality": 36
      }
    ]
  },
  {
    "team": {
      "id": 9,
      "name": "Heracles Almelo",
      "city": "Almelo",
      "stadium": "Erve Asito",
      "surface": "ArtificialGrass",
      "since": 2005
    },
    "players": [
      {
        "id": 6,
        "name": " Danilo",
        "dob": "07.04.1999",
        "height": "174 cm",
        "position": "Attacker",
        "quality": 33
      },
      {
        "id": 32,
        "name": "Ferhat Görgülü",
        "dob": "28.03.1991",
        "height": "184 cm",
        "position": "Defender",
        "quality": 15
      },
      {
        "id": 40,
        "name": "Erick Gutiérrez",
        "dob": "15.06.1995",
        "height": "177 cm",
        "position": "Midfield",
        "quality": 67
      },
      {
        "id": 41,
        "name": "Leon Guwara",
        "dob": "28.06.1996",
        "height": "185 cm",
        "position": "Defender",
        "quality": 21
      },
      {
        "id": 11,
        "name": "Jorrit Hendrix",
        "dob": "06.02.1995",
        "height": "181 cm",
        "position": "Midfield",
        "quality": 21
      },
      {
        "id": 49,
        "name": "Gyrano Kerk",
        "dob": "02.12.1995",
        "height": "175 cm",
        "position": "Attacker",
        "quality": 8
      },
      {
        "id": 49,
        "name": "Dion Malone",
        "dob": "13.02.1989",
        "height": "185 cm",
        "position": "Defender",
        "quality": 62
      },
      {
        "id": 7,
        "name": "Maarten Paes",
        "dob": "14.05.1998",
        "height": "191 cm",
        "position": "Goalkeeper",
        "quality": 11
      },
      {
        "id": 41,
        "name": "Jeremy Cijntje",
        "dob": "08.01.1998",
        "height": "183 cm",
        "position": "Attacker",
        "quality": 59
      },
      {
        "id": 5,
        "name": "Jari Koenraat",
        "dob": "26.09.1995",
        "height": "184 cm",
        "position": "Attacker",
        "quality": 49
      },
      {
        "id": 27,
        "name": "Richie Musaba",
        "dob": "06.12.2000",
        "height": "177 cm",
        "position": "Midfield",
        "quality": 60
      }
    ]
  },
  {
    "team": {
      "id": 10,
      "name": "N.E.C.",
      "city": "Nijmegen",
      "stadium": "Goffertstadion",
      "surface": "Grass",
      "since": 2021
    },
    "players": [
      {
        "id": 8,
        "name": "Özgür Aktaş",
        "dob": "27.01.1997",
        "height": "190 cm",
        "position": "Defender",
        "quality": 30
      },
      {
        "id": 38,
        "name": "Lee Cattermole",
        "dob": "21.03.1988",
        "height": "178 cm",
        "position": "Midfield",
        "quality": 34
      },
      {
        "id": 49,
        "name": "Sontje Hansen",
        "dob": "18.05.2002",
        "height": "172 cm",
        "position": "Attacker",
        "quality": 80
      },
      {
        "id": 28,
        "name": "Ko Itakura",
        "dob": "27.01.1997",
        "height": "186 cm",
        "position": "Defender",
        "quality": 80
      },
      {
        "id": 11,
        "name": "Suently Alberto",
        "dob": "09.06.1996",
        "height": "190 cm",
        "position": "Defender",
        "quality": 40
      },
      {
        "id": 9,
        "name": "Omar Bogle",
        "dob": "26.07.1992",
        "height": "187 cm",
        "position": "Attacker",
        "quality": 89
      },
      {
        "id": 41,
        "name": "Jeremy Cijntje",
        "dob": "08.01.1998",
        "height": "183 cm",
        "position": "Attacker",
        "quality": 59
      },
      {
        "id": 3,
        "name": "Vitalie Damaşcan",
        "dob": "24.01.1999",
        "height": "180 cm",
        "position": "Attacker",
        "quality": 11
      },
      {
        "id": 26,
        "name": "Lex Immers",
        "dob": "08.06.1986",
        "height": "188 cm",
        "position": "Midfield",
        "quality": 23
      },
      {
        "id": 16,
        "name": "Dominik Kotarski",
        "dob": "10.02.2000",
        "height": "189 cm",
        "position": "Goalkeeper",
        "quality": 40
      },
      {
        "id": 2,
        "name": "Wouter Marinus",
        "dob": "18.02.1995",
        "height": "177 cm",
        "position": "Midfield",
        "quality": 57
      }
    ]
  },
  {
    "team": {
      "id": 11,
      "name": "PSV",
      "city": "Eindhoven",
      "stadium": "Phillips Stadion",
      "surface": "Grass",
      "since": 1956
    },
    "players": [
      {
        "id": 49,
        "name": "Peet Bijen",
        "dob": "28.01.1995",
        "height": "189 cm",
        "position": "Defender",
        "quality": 73
      },
      {
        "id": 14,
        "name": "Sven Botman",
        "dob": "12.01.2000",
        "height": "193 cm",
        "position": "Defender",
        "quality": 7
      },
      {
        "id": 29,
        "name": "Koen Bucker",
        "dob": "18.06.1996",
        "height": "198 cm",
        "position": "Goalkeeper",
        "quality": 2
      },
      {
        "id": 38,
        "name": "Lee Cattermole",
        "dob": "21.03.1988",
        "height": "178 cm",
        "position": "Midfield",
        "quality": 34
      },
      {
        "id": 43,
        "name": "Max Clark",
        "dob": "19.01.1996",
        "height": "180 cm",
        "position": "Defender",
        "quality": 82
      },
      {
        "id": 45,
        "name": "Rasmus Karjalainen",
        "dob": "04.04.1996",
        "height": "185 cm",
        "position": "Attacker",
        "quality": 87
      },
      {
        "id": 20,
        "name": "Zakaria Labyad",
        "dob": "09.03.1993",
        "height": "175 cm",
        "position": "Midfield",
        "quality": 98
      },
      {
        "id": 14,
        "name": "Queensy Menig",
        "dob": "19.08.1995",
        "height": "174 cm",
        "position": "Attacker",
        "quality": 36
      },
      {
        "id": 30,
        "name": "Jan Ras",
        "dob": "28.01.1999",
        "height": "174 cm",
        "position": "Midfield",
        "quality": 73
      },
      {
        "id": 48,
        "name": "Mohamed Mallahi",
        "dob": "13.02.2000",
        "height": "181 cm",
        "position": "Attacker",
        "quality": 50
      },
      {
        "id": 35,
        "name": "Cyril Ngonge",
        "dob": "26.05.2000",
        "height": "179 cm",
        "position": "Attacker",
        "quality": 69
      }
    ]
  },
  {
    "team": {
      "id": 12,
      "name": "PEC Zwolle",
      "city": "Zwolle",
      "stadium": "MAC³PARK Stadion",
      "surface": "Grass",
      "since": 2012
    },
    "players": [
      {
        "id": 9,
        "name": "Hamdi Akujobi",
        "dob": "20.01.2000",
        "height": "175 cm",
        "position": "Midfield",
        "quality": 6
      },
      {
        "id": 34,
        "name": "Daniël Camara Bos",
        "dob": "24.05.1999",
        "height": "174 cm",
        "position": "Defender",
        "quality": 55
      },
      {
        "id": 7,
        "name": "Damil Dankerlui",
        "dob": "24.08.1996",
        "height": "172 cm",
        "position": "Defender",
        "quality": 27
      },
      {
        "id": 38,
        "name": "Henrico Drost",
        "dob": "21.01.1987",
        "height": "184 cm",
        "position": "Defender",
        "quality": 30
      },
      {
        "id": 29,
        "name": "Paul Gladon",
        "dob": "18.03.1992",
        "height": "188 cm",
        "position": "Attacker",
        "quality": 22
      },
      {
        "id": 37,
        "name": "Amar Ćatić",
        "dob": "21.01.1999",
        "height": "178 cm",
        "position": "Attacker",
        "quality": 61
      },
      {
        "id": 19,
        "name": "Dani de Wit",
        "dob": "28.01.1998",
        "height": "184 cm",
        "position": "Midfield",
        "quality": 89
      },
      {
        "id": 42,
        "name": "Brian Haak",
        "dob": "???",
        "height": "???",
        "position": "Goalkeeper",
        "quality": 27
      },
      {
        "id": 43,
        "name": "Elton Kabangu",
        "dob": "08.02.1998",
        "height": "178 cm",
        "position": "Attacker",
        "quality": 58
      },
      {
        "id": 5,
        "name": "Jari Koenraat",
        "dob": "26.09.1995",
        "height": "184 cm",
        "position": "Attacker",
        "quality": 49
      },
      {
        "id": 2,
        "name": "Oğuzhan Özyakup",
        "dob": "23.09.1992",
        "height": "180 cm",
        "position": "Midfield",
        "quality": 99
      }
    ]
  },
  {
    "team": {
      "id": 13,
      "name": "RKC Waalwijk",
      "city": "Waalwijk",
      "stadium": "Mandemakers Stadion",
      "surface": "Grass",
      "since": 2019
    },
    "players": [
      {
        "id": 10,
        "name": "Rami Al Hajj",
        "dob": "17.09.2001",
        "height": "180 cm",
        "position": "Midfield",
        "quality": 85
      },
      {
        "id": 48,
        "name": "Tom Beugelsdijk",
        "dob": "07.08.1990",
        "height": "192 cm",
        "position": "Defender",
        "quality": 28
      },
      {
        "id": 2,
        "name": "Justin Bijlow",
        "dob": "22.01.1998",
        "height": "188 cm",
        "position": "Goalkeeper",
        "quality": 99
      },
      {
        "id": 8,
        "name": "Myron Boadu",
        "dob": "14.01.2001",
        "height": "181 cm",
        "position": "Attacker",
        "quality": 67
      },
      {
        "id": 22,
        "name": "Jeffry Fortes",
        "dob": "22.03.1989",
        "height": "183 cm",
        "position": "Defender",
        "quality": 13
      },
      {
        "id": 29,
        "name": "Sebastian Jakubiak",
        "dob": "21.06.1993",
        "height": "175 cm",
        "position": "Midfield",
        "quality": 24
      },
      {
        "id": 32,
        "name": "Roel Janssen",
        "dob": "16.06.1990",
        "height": "179 cm",
        "position": "Defender",
        "quality": 63
      },
      {
        "id": 7,
        "name": "Orkun Kökçü",
        "dob": "29.12.2000",
        "height": "175 cm",
        "position": "Midfield",
        "quality": 10
      },
      {
        "id": 15,
        "name": "Mohamed Amissi",
        "dob": "03.08.2000",
        "height": "173 cm",
        "position": "Attacker",
        "quality": 8
      },
      {
        "id": 16,
        "name": "Erik Falkenburg",
        "dob": "05.05.1988",
        "height": "184 cm",
        "position": "Attacker",
        "quality": 50
      },
      {
        "id": 37,
        "name": "Amar Ćatić",
        "dob": "21.01.1999",
        "height": "178 cm",
        "position": "Attacker",
        "quality": 61
      }
    ]
  },
  {
    "team": {
      "id": 14,
      "name": "Sparta Rotterdam",
      "city": "Rotterdam",
      "stadium": "Het Kasteel",
      "surface": "Grass",
      "since": 2019
    },
    "players": [
      {
        "id": 46,
        "name": "Matúš Bero",
        "dob": "06.09.1995",
        "height": "181 cm",
        "position": "Midfield",
        "quality": 49
      },
      {
        "id": 2,
        "name": "Justin Bijlow",
        "dob": "22.01.1998",
        "height": "188 cm",
        "position": "Goalkeeper",
        "quality": 99
      },
      {
        "id": 34,
        "name": "Daniël Camara Bos",
        "dob": "24.05.1999",
        "height": "174 cm",
        "position": "Defender",
        "quality": 55
      },
      {
        "id": 38,
        "name": "Henrico Drost",
        "dob": "21.01.1987",
        "height": "184 cm",
        "position": "Defender",
        "quality": 30
      },
      {
        "id": 22,
        "name": "Jeffry Fortes",
        "dob": "22.03.1989",
        "height": "183 cm",
        "position": "Defender",
        "quality": 13
      },
      {
        "id": 43,
        "name": "Mohamed Taabouni",
        "dob": "29.03.2002",
        "height": "178 cm",
        "position": "Midfield",
        "quality": 83
      },
      {
        "id": 13,
        "name": "Sondre Tronstad",
        "dob": "26.08.1995",
        "height": "174 cm",
        "position": "Midfield",
        "quality": 15
      },
      {
        "id": 11,
        "name": " David Neres",
        "dob": "03.03.1997",
        "height": "175 cm",
        "position": "Attacker",
        "quality": 55
      },
      {
        "id": 23,
        "name": "Kerim Frei",
        "dob": "19.11.1993",
        "height": "171 cm",
        "position": "Attacker",
        "quality": 30
      },
      {
        "id": 23,
        "name": "Mick van Buren",
        "dob": "24.08.1992",
        "height": "184 cm",
        "position": "Attacker",
        "quality": 26
      },
      {
        "id": 42,
        "name": "Darren Maatsen",
        "dob": "30.01.1991",
        "height": "185 cm",
        "position": "Attacker",
        "quality": 50
      }
    ]
  },
  {
    "team": {
      "id": 15,
      "name": "FC Twente",
      "city": "Enschede",
      "stadium": "De Grolsch Veste",
      "surface": "Grass",
      "since": 2019
    },
    "players": [
      {
        "id": 5,
        "name": "Aleksandar Bjelica",
        "dob": "07.01.1994",
        "height": "187 cm",
        "position": "Defender",
        "quality": 66
      },
      {
        "id": 33,
        "name": "Trevor Doornbusch",
        "dob": "06.07.1999",
        "height": "188 cm",
        "position": "Goalkeeper",
        "quality": 58
      },
      {
        "id": 12,
        "name": "Michaël Heylen",
        "dob": "03.01.1994",
        "height": "187 cm",
        "position": "Defender",
        "quality": 34
      },
      {
        "id": 26,
        "name": "Dehninio Muringen",
        "dob": "01.02.1999",
        "height": "184 cm",
        "position": "Defender",
        "quality": 36
      },
      {
        "id": 41,
        "name": "Nando Nöstlinger",
        "dob": "15.01.1998",
        "height": "185 cm",
        "position": "Midfield",
        "quality": 96
      },
      {
        "id": 48,
        "name": "Mohammed Osman",
        "dob": "01.01.1994",
        "height": "183 cm",
        "position": "Midfield",
        "quality": 12
      },
      {
        "id": 46,
        "name": "Anas Tahiri",
        "dob": "15.05.1995",
        "height": "179 cm",
        "position": "Midfield",
        "quality": 99
      },
      {
        "id": 25,
        "name": "Vito van Crooij",
        "dob": "29.01.1996",
        "height": "179 cm",
        "position": "Attacker",
        "quality": 11
      },
      {
        "id": 7,
        "name": " Aitor",
        "dob": "10.02.1996",
        "height": "177 cm",
        "position": "Attacker",
        "quality": 20
      },
      {
        "id": 30,
        "name": "Thomas Buitink",
        "dob": "14.01.2000",
        "height": "174 cm",
        "position": "Attacker",
        "quality": 96
      },
      {
        "id": 20,
        "name": "Jonas Arweiler",
        "dob": "10.04.1997",
        "height": "188 cm",
        "position": "Attacker",
        "quality": 39
      }
    ]
  },
  {
    "team": {
      "id": 16,
      "name": "FC Utrecht",
      "city": "Utrecht",
      "stadium": "Stadion Galgenwaard",
      "surface": "Grass",
      "since": 1970
    },
    "players": [
      {
        "id": 24,
        "name": "Lukas Browning Lagerfeldt",
        "dob": "06.01.1999",
        "height": "???",
        "position": "Defender",
        "quality": 10
      },
      {
        "id": 18,
        "name": "Robbert de Vos",
        "dob": "26.05.1996",
        "height": "183 cm",
        "position": "Midfield",
        "quality": 87
      },
      {
        "id": 47,
        "name": "Carel Eiting",
        "dob": "11.02.1998",
        "height": "179 cm",
        "position": "Midfield",
        "quality": 61
      },
      {
        "id": 8,
        "name": " Eric Botteghin",
        "dob": "31.08.1987",
        "height": "193 cm",
        "position": "Defender",
        "quality": 87
      },
      {
        "id": 16,
        "name": "Melle Meulensteen",
        "dob": "04.07.1999",
        "height": "188 cm",
        "position": "Defender",
        "quality": 4
      },
      {
        "id": 21,
        "name": "Danny Post",
        "dob": "07.04.1989",
        "height": "191 cm",
        "position": "Midfield",
        "quality": 26
      },
      {
        "id": 15,
        "name": "Yahya Boussakou",
        "dob": "04.03.2000",
        "height": "175 cm",
        "position": "Attacker",
        "quality": 22
      },
      {
        "id": 26,
        "name": " Bruma",
        "dob": "24.10.1994",
        "height": "173 cm",
        "position": "Attacker",
        "quality": 86
      },
      {
        "id": 13,
        "name": "Elber Evora",
        "dob": "02.12.1999",
        "height": "192 cm",
        "position": "Goalkeeper",
        "quality": 3
      },
      {
        "id": 42,
        "name": "Darren Maatsen",
        "dob": "30.01.1991",
        "height": "185 cm",
        "position": "Attacker",
        "quality": 50
      },
      {
        "id": 0,
        "name": "Bilal Ould-Chikh",
        "dob": "28.07.1997",
        "height": "170 cm",
        "position": "Attacker",
        "quality": 3
      }
    ]
  },
  {
    "team": {
      "id": 17,
      "name": "Vitesse",
      "city": "Arnhem",
      "stadium": "Gelredome",
      "surface": "Hybrid",
      "since": 1989
    },
    "players": [
      {
        "id": 47,
        "name": "Jan-Niklas Beste",
        "dob": "04.01.1999",
        "height": "174 cm",
        "position": "Defender",
        "quality": 63
      },
      {
        "id": 20,
        "name": "Bo Breukers",
        "dob": "20.05.1999",
        "height": "178 cm",
        "position": "Midfield",
        "quality": 68
      },
      {
        "id": 13,
        "name": "Jan de Boer",
        "dob": "20.05.2000",
        "height": "199 cm",
        "position": "Goalkeeper",
        "quality": 37
      },
      {
        "id": 27,
        "name": "Richie Musaba",
        "dob": "06.12.2000",
        "height": "177 cm",
        "position": "Midfield",
        "quality": 60
      },
      {
        "id": 30,
        "name": "Yuta Nakayama",
        "dob": "16.02.1997",
        "height": "181 cm",
        "position": "Defender",
        "quality": 50
      },
      {
        "id": 35,
        "name": "Etiënne Reijnen",
        "dob": "05.04.1987",
        "height": "189 cm",
        "position": "Defender",
        "quality": 20
      },
      {
        "id": 47,
        "name": "Mats van Kins",
        "dob": "17.12.1998",
        "height": "182 cm",
        "position": "Midfield",
        "quality": 65
      },
      {
        "id": 46,
        "name": "Johnathan Opoku",
        "dob": "18.04.1990",
        "height": "187 cm",
        "position": "Attacker",
        "quality": 31
      },
      {
        "id": 15,
        "name": "Yahya Boussakou",
        "dob": "04.03.2000",
        "height": "175 cm",
        "position": "Attacker",
        "quality": 22
      },
      {
        "id": 26,
        "name": " Bruma",
        "dob": "24.10.1994",
        "height": "173 cm",
        "position": "Attacker",
        "quality": 86
      },
      {
        "id": 8,
        "name": "Marko Kolar",
        "dob": "31.05.1995",
        "height": "185 cm",
        "position": "Attacker",
        "quality": 55
      }
    ]
  },
  {
    "team": {
      "id": 18,
      "name": "Willem II",
      "city": "Tilburg",
      "stadium": "Koning Willem II Stadion",
      "surface": "Grass",
      "since": 2014
    },
    "players": [
      {
        "id": 8,
        "name": "Özgür Aktaş",
        "dob": "27.01.1997",
        "height": "190 cm",
        "position": "Defender",
        "quality": 30
      },
      {
        "id": 7,
        "name": "Daley Blind",
        "dob": "09.03.1990",
        "height": "180 cm",
        "position": "Defender",
        "quality": 47
      },
      {
        "id": 6,
        "name": "Stanley Elbers",
        "dob": "14.05.1992",
        "height": "173 cm",
        "position": "Attacker",
        "quality": 76
      },
      {
        "id": 12,
        "name": "Håkon Evjen",
        "dob": "14.02.2000",
        "height": "173 cm",
        "position": "Midfield",
        "quality": 25
      },
      {
        "id": 48,
        "name": "Matthias Hamrol",
        "dob": "31.12.1993",
        "height": "195 cm",
        "position": "Goalkeeper",
        "quality": 38
      },
      {
        "id": 5,
        "name": "Bradley Martis",
        "dob": "13.07.1998",
        "height": "179 cm",
        "position": "Defender",
        "quality": 79
      },
      {
        "id": 1,
        "name": "Thomas Ouwejan",
        "dob": "30.09.1996",
        "height": "182 cm",
        "position": "Midfield",
        "quality": 19
      },
      {
        "id": 27,
        "name": "Freddy Quispel",
        "dob": "23.10.2000",
        "height": "177 cm",
        "position": "Attacker",
        "quality": 8
      },
      {
        "id": 12,
        "name": " Álex Carbonell",
        "dob": "15.09.1997",
        "height": "182 cm",
        "position": "Midfield",
        "quality": 2
      },
      {
        "id": 36,
        "name": "Naoufal Bannis",
        "dob": "11.03.2002",
        "height": "184 cm",
        "position": "Attacker",
        "quality": 71
      },
      {
        "id": 24,
        "name": "Chardi Landu",
        "dob": "18.07.2000",
        "height": "175 cm",
        "position": "Attacker",
        "quality": 44
      }
    ]
  }
]